task_id,resource_id,requirement_type,quantity,mandatory,task_resource_id,required_skill,role
TASK_000001,RES_0007,L1,1,False,TR_000001,L1,LEAD
TASK_000001,RES_0022,L2,1,True,TR_000002,L2,LEAD
TASK_000001,RES_0025,L2,1,True,TR_000003,L2,TECHNICIAN
TASK_000002,RES_0017,L3,1,True,TR_000004,L3,LEAD
TASK_000002,RES_0008,L1,1,True,TR_000005,L1,TECHNICIAN
TASK_000002,RES_0002,L2,1,False,TR_000006,L2,LEAD
TASK_000003,RES_0015,L3,1,False,TR_000007,L3,TECHNICIAN
TASK_000003,RES_0012,L1,1,False,TR_000008,L1,LEAD
TASK_000003,RES_0009,L3,1,True,TR_000009,L3,SUPPORT
TASK_000004,RES_0016,L2,1,True,TR_000010,L2,TECHNICIAN
TASK_000004,RES_0001,L3,1,True,TR_000011,L3,LEAD
TASK_000004,RES_0025,L2,1,True,TR_000012,L2,TECHNICIAN
TASK_000005,RES_0017,L3,1,True,TR_000013,L3,SUPPORT
TASK_000005,RES_0023,L3,1,False,TR_000014,L3,SUPPORT
TASK_000005,RES_0014,L1,1,False,TR_000015,L1,SUPPORT
TASK_000006,RES_0006,L3,1,True,TR_000016,L3,LEAD
TASK_000006,RES_0012,L1,1,False,TR_000017,L1,TECHNICIAN
TASK_000006,RES_0030,L3,1,True,TR_000018,L3,TECHNICIAN
TASK_000007,RES_0001,L3,1,True,TR_000019,L3,TECHNICIAN
TASK_000007,RES_0007,L1,1,True,TR_000020,L1,LEAD
TASK_000007,RES_0004,L1,1,True,TR_000021,L1,TECHNICIAN
TASK_000008,RES_0006,L3,1,False,TR_000022,L3,LEAD
TASK_000008,RES_0003,L2,1,True,TR_000023,L2,LEAD
TASK_000008,RES_0024,L1,1,True,TR_000024,L1,LEAD
TASK_000009,RES_0010,L3,1,True,TR_000025,L3,LEAD
TASK_000009,RES_0016,L2,1,True,TR_000026,L2,LEAD
TASK_000009,RES_0019,L1,1,True,TR_000027,L1,TECHNICIAN
TASK_000010,RES_0029,L1,1,True,TR_000028,L1,SUPPORT
TASK_000010,RES_0017,L3,1,True,TR_000029,L3,LEAD
TASK_000010,RES_0008,L1,1,False,TR_000030,L1,LEAD
TASK_000011,RES_0006,L3,1,True,TR_000031,L3,SUPPORT
TASK_000011,RES_0027,L2,1,True,TR_000032,L2,SUPPORT
TASK_000011,RES_0003,L2,1,False,TR_000033,L2,LEAD
TASK_000012,RES_0010,L3,1,True,TR_000034,L3,TECHNICIAN
TASK_000012,RES_0001,L3,1,True,TR_000035,L3,LEAD
TASK_000012,RES_0019,L1,1,True,TR_000036,L1,SUPPORT
TASK_000013,RES_0005,L1,1,True,TR_000037,L1,TECHNICIAN
TASK_000013,RES_0014,L1,1,True,TR_000038,L1,LEAD
TASK_000013,RES_0017,L3,1,True,TR_000039,L3,TECHNICIAN
TASK_000014,RES_0003,L2,1,True,TR_000040,L2,TECHNICIAN
TASK_000014,RES_0015,L3,1,True,TR_000041,L3,LEAD
TASK_000014,RES_0030,L3,1,True,TR_000042,L3,LEAD
TASK_000015,RES_0002,L2,1,False,TR_000043,L2,SUPPORT
TASK_000015,RES_0023,L3,1,True,TR_000044,L3,SUPPORT
TASK_000015,RES_0005,L1,1,True,TR_000045,L1,SUPPORT
TASK_000016,RES_0018,L3,1,True,TR_000046,L3,SUPPORT
TASK_000016,RES_0012,L1,1,True,TR_000047,L1,SUPPORT
TASK_000016,RES_0006,L3,1,True,TR_000048,L3,SUPPORT
TASK_000017,RES_0019,L1,1,True,TR_000049,L1,TECHNICIAN
TASK_000017,RES_0010,L3,1,True,TR_000050,L3,SUPPORT
TASK_000017,RES_0001,L3,1,False,TR_000051,L3,LEAD
TASK_000018,RES_0020,L1,1,True,TR_000052,L1,LEAD
TASK_000018,RES_0023,L3,1,True,TR_000053,L3,TECHNICIAN
TASK_000018,RES_0029,L1,1,True,TR_000054,L1,SUPPORT
TASK_000019,RES_0030,L3,1,True,TR_000055,L3,LEAD
TASK_000019,RES_0024,L1,1,True,TR_000056,L1,SUPPORT
TASK_000019,RES_0015,L3,1,False,TR_000057,L3,TECHNICIAN
TASK_000020,RES_0001,L3,1,True,TR_000058,L3,LEAD
TASK_000020,RES_0004,L1,1,True,TR_000059,L1,LEAD
TASK_000020,RES_0025,L2,1,True,TR_000060,L2,LEAD
TASK_000021,RES_0005,L1,1,True,TR_000061,L1,TECHNICIAN
TASK_000021,RES_0002,L2,1,True,TR_000062,L2,LEAD
TASK_000021,RES_0026,L1,1,False,TR_000063,L1,LEAD
TASK_000022,RES_0010,L3,1,False,TR_000064,L3,LEAD
TASK_000022,RES_0007,L1,1,True,TR_000065,L1,LEAD
TASK_000022,RES_0025,L2,1,True,TR_000066,L2,TECHNICIAN
TASK_000023,RES_0008,L1,1,True,TR_000067,L1,SUPPORT
TASK_000023,RES_0029,L1,1,True,TR_000068,L1,LEAD
TASK_000023,RES_0023,L3,1,True,TR_000069,L3,LEAD
TASK_000024,RES_0009,L3,1,True,TR_000070,L3,LEAD
TASK_000024,RES_0006,L3,1,True,TR_000071,L3,LEAD
TASK_000024,RES_0003,L2,1,True,TR_000072,L2,TECHNICIAN
TASK_000025,RES_0025,L2,1,False,TR_000073,L2,SUPPORT
TASK_000025,RES_0028,L2,1,True,TR_000074,L2,SUPPORT
TASK_000025,RES_0013,L1,1,True,TR_000075,L1,TECHNICIAN
TASK_000026,RES_0008,L1,1,False,TR_000076,L1,TECHNICIAN
TASK_000026,RES_0011,L1,1,True,TR_000077,L1,SUPPORT
TASK_000026,RES_0026,L1,1,True,TR_000078,L1,TECHNICIAN
TASK_000027,RES_0021,L1,1,True,TR_000079,L1,SUPPORT
TASK_000027,RES_0012,L1,1,True,TR_000080,L1,SUPPORT
TASK_000027,RES_0009,L3,1,True,TR_000081,L3,LEAD
TASK_000028,RES_0028,L2,1,True,TR_000082,L2,TECHNICIAN
TASK_000028,RES_0025,L2,1,False,TR_000083,L2,LEAD
TASK_000028,RES_0001,L3,1,True,TR_000084,L3,LEAD
TASK_000029,RES_0021,L1,1,True,TR_000085,L1,LEAD
TASK_000029,RES_0027,L2,1,True,TR_000086,L2,SUPPORT
TASK_000029,RES_0012,L1,1,True,TR_000087,L1,LEAD
TASK_000030,RES_0028,L2,1,True,TR_000088,L2,SUPPORT
TASK_000030,RES_0016,L2,1,True,TR_000089,L2,TECHNICIAN
TASK_000030,RES_0007,L1,1,True,TR_000090,L1,SUPPORT
TASK_000031,RES_0008,L1,1,True,TR_000091,L1,TECHNICIAN
TASK_000031,RES_0005,L1,1,True,TR_000092,L1,SUPPORT
TASK_000031,RES_0029,L1,1,True,TR_000093,L1,TECHNICIAN
TASK_000032,RES_0009,L3,1,False,TR_000094,L3,SUPPORT
TASK_000032,RES_0027,L2,1,True,TR_000095,L2,LEAD
TASK_000032,RES_0006,L3,1,True,TR_000096,L3,TECHNICIAN
TASK_000033,RES_0019,L1,1,False,TR_000097,L1,SUPPORT
TASK_000033,RES_0004,L1,1,True,TR_000098,L1,LEAD
TASK_000033,RES_0013,L1,1,False,TR_000099,L1,LEAD
TASK_000034,RES_0017,L3,1,True,TR_000100,L3,SUPPORT
TASK_000034,RES_0002,L2,1,False,TR_000101,L2,SUPPORT
TASK_000034,RES_0029,L1,1,True,TR_000102,L1,TECHNICIAN
TASK_000035,RES_0027,L2,1,True,TR_000103,L2,SUPPORT
TASK_000035,RES_0012,L1,1,False,TR_000104,L1,TECHNICIAN
TASK_000035,RES_0006,L3,1,True,TR_000105,L3,LEAD
TASK_000036,RES_0005,L1,1,True,TR_000106,L1,SUPPORT
TASK_000036,RES_0026,L1,1,True,TR_000107,L1,TECHNICIAN
TASK_000036,RES_0017,L3,1,True,TR_000108,L3,TECHNICIAN
TASK_000037,RES_0003,L2,1,False,TR_000109,L2,TECHNICIAN
TASK_000037,RES_0012,L1,1,True,TR_000110,L1,LEAD
TASK_000037,RES_0009,L3,1,True,TR_000111,L3,TECHNICIAN
TASK_000038,RES_0001,L3,1,False,TR_000112,L3,LEAD
TASK_000038,RES_0013,L1,1,True,TR_000113,L1,LEAD
TASK_000038,RES_0022,L2,1,False,TR_000114,L2,LEAD
TASK_000039,RES_0008,L1,1,True,TR_000115,L1,SUPPORT
TASK_000039,RES_0029,L1,1,True,TR_000116,L1,LEAD
TASK_000039,RES_0023,L3,1,True,TR_000117,L3,TECHNICIAN
TASK_000040,RES_0030,L3,1,True,TR_000118,L3,SUPPORT
TASK_000040,RES_0021,L1,1,True,TR_000119,L1,SUPPORT
TASK_000040,RES_0027,L2,1,True,TR_000120,L2,TECHNICIAN
TASK_000041,RES_0001,L3,1,True,TR_000121,L3,SUPPORT
TASK_000041,RES_0016,L2,1,True,TR_000122,L2,TECHNICIAN
TASK_000041,RES_0004,L1,1,True,TR_000123,L1,TECHNICIAN
TASK_000042,RES_0023,L3,1,True,TR_000124,L3,TECHNICIAN
TASK_000042,RES_0011,L1,1,False,TR_000125,L1,SUPPORT
TASK_000042,RES_0026,L1,1,True,TR_000126,L1,TECHNICIAN
TASK_000043,RES_0025,L2,1,True,TR_000127,L2,TECHNICIAN
TASK_000043,RES_0022,L2,1,False,TR_000128,L2,SUPPORT
TASK_000043,RES_0028,L2,1,True,TR_000129,L2,SUPPORT
TASK_000043,RES_0013,L1,1,True,TR_000130,L1,SUPPORT
TASK_000043,RES_0019,L1,1,True,TR_000131,L1,TECHNICIAN
TASK_000044,RES_0029,L1,1,True,TR_000132,L1,SUPPORT
TASK_000044,RES_0014,L1,1,False,TR_000133,L1,TECHNICIAN
TASK_000044,RES_0026,L1,1,True,TR_000134,L1,LEAD
TASK_000045,RES_0012,L1,1,True,TR_000135,L1,LEAD
TASK_000045,RES_0030,L3,1,False,TR_000136,L3,TECHNICIAN
TASK_000045,RES_0015,L3,1,False,TR_000137,L3,LEAD
TASK_000046,RES_0019,L1,1,False,TR_000138,L1,SUPPORT
TASK_000046,RES_0022,L2,1,True,TR_000139,L2,TECHNICIAN
TASK_000046,RES_0010,L3,1,True,TR_000140,L3,TECHNICIAN
TASK_000046,RES_0013,L1,1,True,TR_000141,L1,LEAD
TASK_000047,RES_0023,L3,1,True,TR_000142,L3,SUPPORT
TASK_000047,RES_0029,L1,1,True,TR_000143,L1,TECHNICIAN
TASK_000047,RES_0008,L1,1,True,TR_000144,L1,TECHNICIAN
TASK_000048,RES_0027,L2,1,True,TR_000145,L2,SUPPORT
TASK_000048,RES_0012,L1,1,True,TR_000146,L1,LEAD
TASK_000048,RES_0021,L1,1,True,TR_000147,L1,TECHNICIAN
TASK_000049,RES_0025,L2,1,True,TR_000148,L2,SUPPORT
TASK_000049,RES_0028,L2,1,True,TR_000149,L2,LEAD
TASK_000049,RES_0001,L3,1,True,TR_000150,L3,SUPPORT
TASK_000050,RES_0020,L1,1,True,TR_000151,L1,SUPPORT
TASK_000050,RES_0002,L2,1,True,TR_000152,L2,TECHNICIAN
TASK_000050,RES_0017,L3,1,False,TR_000153,L3,LEAD
TASK_000051,RES_0019,L1,1,False,TR_000154,L1,TECHNICIAN
TASK_000051,RES_0004,L1,1,True,TR_000155,L1,SUPPORT
TASK_000051,RES_0013,L1,1,True,TR_000156,L1,TECHNICIAN
TASK_000051,RES_0016,L2,1,True,TR_000157,L2,LEAD
TASK_000052,RES_0029,L1,1,False,TR_000158,L1,TECHNICIAN
TASK_000052,RES_0008,L1,1,True,TR_000159,L1,SUPPORT
TASK_000052,RES_0026,L1,1,True,TR_000160,L1,TECHNICIAN
TASK_000053,RES_0018,L3,1,True,TR_000161,L3,TECHNICIAN
TASK_000053,RES_0003,L2,1,True,TR_000162,L2,SUPPORT
TASK_000053,RES_0024,L1,1,True,TR_000163,L1,SUPPORT
TASK_000054,RES_0001,L3,1,True,TR_000164,L3,TECHNICIAN
TASK_000054,RES_0025,L2,1,True,TR_000165,L2,LEAD
TASK_000054,RES_0022,L2,1,True,TR_000166,L2,TECHNICIAN
TASK_000055,RES_0017,L3,1,True,TR_000167,L3,LEAD
TASK_000055,RES_0002,L2,1,True,TR_000168,L2,SUPPORT
TASK_000055,RES_0026,L1,1,True,TR_000169,L1,TECHNICIAN
TASK_000056,RES_0021,L1,1,True,TR_000170,L1,LEAD
TASK_000056,RES_0003,L2,1,True,TR_000171,L2,TECHNICIAN
TASK_000056,RES_0006,L3,1,True,TR_000172,L3,LEAD
TASK_000057,RES_0019,L1,1,True,TR_000173,L1,SUPPORT
TASK_000057,RES_0007,L1,1,True,TR_000174,L1,TECHNICIAN
TASK_000057,RES_0010,L3,1,True,TR_000175,L3,SUPPORT
TASK_000058,RES_0015,L3,1,True,TR_000176,L3,TECHNICIAN
TASK_000058,RES_0030,L3,1,True,TR_000177,L3,TECHNICIAN
TASK_000058,RES_0024,L1,1,True,TR_000178,L1,SUPPORT
TASK_000059,RES_0025,L2,1,True,TR_000179,L2,TECHNICIAN
TASK_000059,RES_0028,L2,1,True,TR_000180,L2,LEAD
TASK_000059,RES_0022,L2,1,True,TR_000181,L2,SUPPORT
TASK_000060,RES_0005,L1,1,True,TR_000182,L1,TECHNICIAN
TASK_000060,RES_0029,L1,1,True,TR_000183,L1,SUPPORT
TASK_000060,RES_0002,L2,1,True,TR_000184,L2,LEAD
TASK_000061,RES_0021,L1,1,False,TR_000185,L1,TECHNICIAN
TASK_000061,RES_0024,L1,1,True,TR_000186,L1,SUPPORT
TASK_000061,RES_0006,L3,1,True,TR_000187,L3,LEAD
TASK_000062,RES_0013,L1,1,True,TR_000188,L1,TECHNICIAN
TASK_000062,RES_0028,L2,1,True,TR_000189,L2,TECHNICIAN
TASK_000062,RES_0022,L2,1,True,TR_000190,L2,TECHNICIAN
TASK_000063,RES_0026,L1,1,False,TR_000191,L1,TECHNICIAN
TASK_000063,RES_0008,L1,1,True,TR_000192,L1,SUPPORT
TASK_000063,RES_0029,L1,1,False,TR_000193,L1,LEAD
TASK_000064,RES_0030,L3,1,True,TR_000194,L3,LEAD
TASK_000064,RES_0021,L1,1,True,TR_000195,L1,LEAD
TASK_000064,RES_0027,L2,1,True,TR_000196,L2,SUPPORT
TASK_000065,RES_0023,L3,1,True,TR_000197,L3,TECHNICIAN
TASK_000065,RES_0026,L1,1,True,TR_000198,L1,TECHNICIAN
TASK_000065,RES_0005,L1,1,False,TR_000199,L1,TECHNICIAN
TASK_000066,RES_0003,L2,1,True,TR_000200,L2,TECHNICIAN
TASK_000066,RES_0030,L3,1,True,TR_000201,L3,LEAD
TASK_000066,RES_0018,L3,1,True,TR_000202,L3,LEAD
TASK_000067,RES_0001,L3,1,True,TR_000203,L3,TECHNICIAN
TASK_000067,RES_0016,L2,1,True,TR_000204,L2,LEAD
TASK_000067,RES_0004,L1,1,False,TR_000205,L1,LEAD
TASK_000068,RES_0029,L1,1,True,TR_000206,L1,SUPPORT
TASK_000068,RES_0008,L1,1,True,TR_000207,L1,TECHNICIAN
TASK_000068,RES_0005,L1,1,True,TR_000208,L1,SUPPORT
TASK_000069,RES_0021,L1,1,True,TR_000209,L1,TECHNICIAN
TASK_000069,RES_0003,L2,1,True,TR_000210,L2,SUPPORT
TASK_000069,RES_0009,L3,1,True,TR_000211,L3,SUPPORT
TASK_000070,RES_0007,L1,1,False,TR_000212,L1,TECHNICIAN
TASK_000070,RES_0001,L3,1,True,TR_000213,L3,LEAD
TASK_000070,RES_0013,L1,1,False,TR_000214,L1,LEAD
TASK_000071,RES_0005,L1,1,True,TR_000215,L1,TECHNICIAN
TASK_000071,RES_0023,L3,1,True,TR_000216,L3,TECHNICIAN
TASK_000071,RES_0002,L2,1,True,TR_000217,L2,TECHNICIAN
TASK_000072,RES_0016,L2,1,True,TR_000218,L2,TECHNICIAN
TASK_000072,RES_0028,L2,1,False,TR_000219,L2,TECHNICIAN
TASK_000072,RES_0022,L2,1,True,TR_000220,L2,LEAD
TASK_000073,RES_0014,L1,1,True,TR_000221,L1,SUPPORT
TASK_000073,RES_0008,L1,1,True,TR_000222,L1,TECHNICIAN
TASK_000073,RES_0029,L1,1,False,TR_000223,L1,TECHNICIAN
TASK_000074,RES_0009,L3,1,True,TR_000224,L3,LEAD
TASK_000074,RES_0015,L3,1,True,TR_000225,L3,TECHNICIAN
TASK_000074,RES_0030,L3,1,True,TR_000226,L3,LEAD
TASK_000075,RES_0001,L3,1,True,TR_000227,L3,LEAD
TASK_000075,RES_0010,L3,1,True,TR_000228,L3,LEAD
TASK_000075,RES_0025,L2,1,True,TR_000229,L2,LEAD
TASK_000076,RES_0002,L2,1,True,TR_000230,L2,TECHNICIAN
TASK_000076,RES_0008,L1,1,True,TR_000231,L1,SUPPORT
TASK_000076,RES_0023,L3,1,True,TR_000232,L3,SUPPORT
TASK_000077,RES_0015,L3,1,True,TR_000233,L3,TECHNICIAN
TASK_000077,RES_0024,L1,1,True,TR_000234,L1,LEAD
TASK_000077,RES_0021,L1,1,True,TR_000235,L1,SUPPORT
TASK_000078,RES_0022,L2,1,True,TR_000236,L2,TECHNICIAN
TASK_000078,RES_0004,L1,1,True,TR_000237,L1,TECHNICIAN
TASK_000078,RES_0016,L2,1,False,TR_000238,L2,SUPPORT
TASK_000079,RES_0024,L1,1,True,TR_000239,L1,SUPPORT
TASK_000079,RES_0021,L1,1,True,TR_000240,L1,TECHNICIAN
TASK_000079,RES_0012,L1,1,True,TR_000241,L1,LEAD
TASK_000080,RES_0025,L2,1,True,TR_000242,L2,TECHNICIAN
TASK_000080,RES_0001,L3,1,True,TR_000243,L3,TECHNICIAN
TASK_000080,RES_0013,L1,1,True,TR_000244,L1,SUPPORT
TASK_000081,RES_0002,L2,1,True,TR_000245,L2,LEAD
TASK_000081,RES_0017,L3,1,True,TR_000246,L3,TECHNICIAN
TASK_000081,RES_0014,L1,1,True,TR_000247,L1,SUPPORT
TASK_000082,RES_0015,L3,1,True,TR_000248,L3,TECHNICIAN
TASK_000082,RES_0021,L1,1,True,TR_000249,L1,TECHNICIAN
TASK_000082,RES_0012,L1,1,True,TR_000250,L1,TECHNICIAN
TASK_000083,RES_0010,L3,1,True,TR_000251,L3,TECHNICIAN
TASK_000083,RES_0001,L3,1,True,TR_000252,L3,LEAD
TASK_000083,RES_0004,L1,1,True,TR_000253,L1,SUPPORT
TASK_000084,RES_0008,L1,1,True,TR_000254,L1,LEAD
TASK_000084,RES_0011,L1,1,True,TR_000255,L1,SUPPORT
TASK_000084,RES_0002,L2,1,True,TR_000256,L2,SUPPORT
TASK_000085,RES_0024,L1,1,True,TR_000257,L1,SUPPORT
TASK_000085,RES_0021,L1,1,False,TR_000258,L1,TECHNICIAN
TASK_000085,RES_0027,L2,1,False,TR_000259,L2,SUPPORT
TASK_000086,RES_0014,L1,1,True,TR_000260,L1,LEAD
TASK_000086,RES_0023,L3,1,True,TR_000261,L3,LEAD
TASK_000086,RES_0008,L1,1,False,TR_000262,L1,LEAD
TASK_000087,RES_0006,L3,1,False,TR_000263,L3,TECHNICIAN
TASK_000087,RES_0009,L3,1,True,TR_000264,L3,SUPPORT
TASK_000087,RES_0012,L1,1,True,TR_000265,L1,TECHNICIAN
TASK_000087,RES_0015,L3,1,False,TR_000266,L3,TECHNICIAN
TASK_000087,RES_0021,L1,1,True,TR_000267,L1,TECHNICIAN
TASK_000088,RES_0010,L3,1,True,TR_000268,L3,LEAD
TASK_000088,RES_0019,L1,1,True,TR_000269,L1,TECHNICIAN
TASK_000088,RES_0025,L2,1,True,TR_000270,L2,SUPPORT
TASK_000089,RES_0002,L2,1,False,TR_000271,L2,TECHNICIAN
TASK_000089,RES_0011,L1,1,True,TR_000272,L1,TECHNICIAN
TASK_000089,RES_0005,L1,1,False,TR_000273,L1,TECHNICIAN
TASK_000090,RES_0003,L2,1,True,TR_000274,L2,LEAD
TASK_000090,RES_0012,L1,1,True,TR_000275,L1,SUPPORT
TASK_000090,RES_0030,L3,1,True,TR_000276,L3,TECHNICIAN
TASK_000091,RES_0028,L2,1,False,TR_000277,L2,TECHNICIAN
TASK_000091,RES_0022,L2,1,False,TR_000278,L2,TECHNICIAN
TASK_000091,RES_0025,L2,1,True,TR_000279,L2,TECHNICIAN
TASK_000092,RES_0017,L3,1,True,TR_000280,L3,TECHNICIAN
TASK_000092,RES_0002,L2,1,True,TR_000281,L2,TECHNICIAN
TASK_000092,RES_0011,L1,1,True,TR_000282,L1,LEAD
TASK_000093,RES_0001,L3,1,True,TR_000283,L3,SUPPORT
TASK_000093,RES_0004,L1,1,True,TR_000284,L1,TECHNICIAN
TASK_000093,RES_0019,L1,1,False,TR_000285,L1,SUPPORT
TASK_000094,RES_0020,L1,1,True,TR_000286,L1,SUPPORT
TASK_000094,RES_0008,L1,1,True,TR_000287,L1,TECHNICIAN
TASK_000094,RES_0005,L1,1,True,TR_000288,L1,TECHNICIAN
TASK_000095,RES_0027,L2,1,True,TR_000289,L2,SUPPORT
TASK_000095,RES_0003,L2,1,True,TR_000290,L2,SUPPORT
TASK_000095,RES_0015,L3,1,True,TR_000291,L3,SUPPORT
TASK_000096,RES_0022,L2,1,True,TR_000292,L2,LEAD
TASK_000096,RES_0004,L1,1,True,TR_000293,L1,LEAD
TASK_000096,RES_0025,L2,1,True,TR_000294,L2,TECHNICIAN
TASK_000097,RES_0029,L1,1,True,TR_000295,L1,LEAD
TASK_000097,RES_0008,L1,1,True,TR_000296,L1,SUPPORT
TASK_000097,RES_0020,L1,1,False,TR_000297,L1,SUPPORT
TASK_000098,RES_0009,L3,1,True,TR_000298,L3,TECHNICIAN
TASK_000098,RES_0024,L1,1,True,TR_000299,L1,TECHNICIAN
TASK_000098,RES_0006,L3,1,True,TR_000300,L3,LEAD
TASK_000099,RES_0028,L2,1,True,TR_000301,L2,TECHNICIAN
TASK_000099,RES_0013,L1,1,True,TR_000302,L1,TECHNICIAN
TASK_000099,RES_0016,L2,1,True,TR_000303,L2,SUPPORT
TASK_000100,RES_0020,L1,1,True,TR_000304,L1,TECHNICIAN
TASK_000100,RES_0029,L1,1,True,TR_000305,L1,SUPPORT
TASK_000100,RES_0023,L3,1,False,TR_000306,L3,TECHNICIAN
TASK_000101,RES_0007,L1,1,True,TR_000307,L1,SUPPORT
TASK_000101,RES_0025,L2,1,True,TR_000308,L2,LEAD
TASK_000101,RES_0022,L2,1,True,TR_000309,L2,LEAD
TASK_000101,RES_0019,L1,1,True,TR_000310,L1,SUPPORT
TASK_000101,RES_0004,L1,1,True,TR_000311,L1,LEAD
TASK_000102,RES_0020,L1,1,True,TR_000312,L1,SUPPORT
TASK_000102,RES_0023,L3,1,True,TR_000313,L3,TECHNICIAN
TASK_000102,RES_0005,L1,1,True,TR_000314,L1,SUPPORT
TASK_000103,RES_0024,L1,1,True,TR_000315,L1,TECHNICIAN
TASK_000103,RES_0003,L2,1,False,TR_000316,L2,SUPPORT
TASK_000103,RES_0018,L3,1,True,TR_000317,L3,SUPPORT
TASK_000104,RES_0016,L2,1,True,TR_000318,L2,SUPPORT
TASK_000104,RES_0013,L1,1,True,TR_000319,L1,LEAD
TASK_000104,RES_0028,L2,1,True,TR_000320,L2,SUPPORT
TASK_000105,RES_0029,L1,1,True,TR_000321,L1,TECHNICIAN
TASK_000105,RES_0020,L1,1,True,TR_000322,L1,SUPPORT
TASK_000105,RES_0014,L1,1,False,TR_000323,L1,SUPPORT
TASK_000106,RES_0012,L1,1,True,TR_000324,L1,LEAD
TASK_000106,RES_0021,L1,1,True,TR_000325,L1,TECHNICIAN
TASK_000106,RES_0018,L3,1,False,TR_000326,L3,LEAD
TASK_000107,RES_0004,L1,1,True,TR_000327,L1,TECHNICIAN
TASK_000107,RES_0007,L1,1,True,TR_000328,L1,LEAD
TASK_000107,RES_0001,L3,1,True,TR_000329,L3,SUPPORT
TASK_000108,RES_0006,L3,1,False,TR_000330,L3,SUPPORT
TASK_000108,RES_0030,L3,1,True,TR_000331,L3,SUPPORT
TASK_000108,RES_0009,L3,1,True,TR_000332,L3,TECHNICIAN
TASK_000109,RES_0007,L1,1,True,TR_000333,L1,TECHNICIAN
TASK_000109,RES_0019,L1,1,True,TR_000334,L1,SUPPORT
TASK_000109,RES_0010,L3,1,False,TR_000335,L3,LEAD
TASK_000110,RES_0005,L1,1,True,TR_000336,L1,LEAD
TASK_000110,RES_0008,L1,1,False,TR_000337,L1,SUPPORT
TASK_000110,RES_0002,L2,1,True,TR_000338,L2,TECHNICIAN
TASK_000111,RES_0024,L1,1,True,TR_000339,L1,TECHNICIAN
TASK_000111,RES_0021,L1,1,True,TR_000340,L1,TECHNICIAN
TASK_000111,RES_0027,L2,1,False,TR_000341,L2,TECHNICIAN
TASK_000112,RES_0022,L2,1,True,TR_000342,L2,TECHNICIAN
TASK_000112,RES_0013,L1,1,True,TR_000343,L1,SUPPORT
TASK_000112,RES_0010,L3,1,True,TR_000344,L3,SUPPORT
TASK_000113,RES_0008,L1,1,True,TR_000345,L1,SUPPORT
TASK_000113,RES_0029,L1,1,True,TR_000346,L1,LEAD
TASK_000113,RES_0026,L1,1,True,TR_000347,L1,SUPPORT
TASK_000114,RES_0009,L3,1,False,TR_000348,L3,SUPPORT
TASK_000114,RES_0027,L2,1,True,TR_000349,L2,SUPPORT
TASK_000114,RES_0015,L3,1,False,TR_000350,L3,SUPPORT
TASK_000115,RES_0026,L1,1,True,TR_000351,L1,SUPPORT
TASK_000115,RES_0020,L1,1,True,TR_000352,L1,LEAD
TASK_000115,RES_0008,L1,1,False,TR_000353,L1,SUPPORT
TASK_000116,RES_0030,L3,1,True,TR_000354,L3,TECHNICIAN
TASK_000116,RES_0009,L3,1,True,TR_000355,L3,SUPPORT
TASK_000116,RES_0027,L2,1,False,TR_000356,L2,SUPPORT
TASK_000117,RES_0025,L2,1,True,TR_000357,L2,LEAD
TASK_000117,RES_0028,L2,1,True,TR_000358,L2,TECHNICIAN
TASK_000117,RES_0022,L2,1,True,TR_000359,L2,LEAD
TASK_000118,RES_0017,L3,1,True,TR_000360,L3,LEAD
TASK_000118,RES_0023,L3,1,True,TR_000361,L3,SUPPORT
TASK_000118,RES_0008,L1,1,True,TR_000362,L1,TECHNICIAN
TASK_000118,RES_0011,L1,1,True,TR_000363,L1,SUPPORT
TASK_000119,RES_0006,L3,1,True,TR_000364,L3,LEAD
TASK_000119,RES_0015,L3,1,True,TR_000365,L3,SUPPORT
TASK_000119,RES_0030,L3,1,True,TR_000366,L3,TECHNICIAN
TASK_000120,RES_0007,L1,1,True,TR_000367,L1,TECHNICIAN
TASK_000120,RES_0016,L2,1,True,TR_000368,L2,LEAD
TASK_000120,RES_0025,L2,1,True,TR_000369,L2,LEAD
TASK_000121,RES_0008,L1,1,True,TR_000370,L1,TECHNICIAN
TASK_000121,RES_0026,L1,1,True,TR_000371,L1,TECHNICIAN
TASK_000121,RES_0029,L1,1,False,TR_000372,L1,SUPPORT
TASK_000122,RES_0007,L1,1,True,TR_000373,L1,SUPPORT
TASK_000122,RES_0019,L1,1,True,TR_000374,L1,LEAD
TASK_000122,RES_0004,L1,1,False,TR_000375,L1,TECHNICIAN
TASK_000123,RES_0029,L1,1,True,TR_000376,L1,TECHNICIAN
TASK_000123,RES_0020,L1,1,False,TR_000377,L1,LEAD
TASK_000123,RES_0011,L1,1,True,TR_000378,L1,TECHNICIAN
TASK_000124,RES_0015,L3,1,True,TR_000379,L3,SUPPORT
TASK_000124,RES_0003,L2,1,True,TR_000380,L2,LEAD
TASK_000124,RES_0021,L1,1,True,TR_000381,L1,TECHNICIAN
TASK_000125,RES_0028,L2,1,False,TR_000382,L2,SUPPORT
TASK_000125,RES_0022,L2,1,True,TR_000383,L2,LEAD
TASK_000125,RES_0016,L2,1,True,TR_000384,L2,SUPPORT
TASK_000126,RES_0029,L1,1,False,TR_000385,L1,TECHNICIAN
TASK_000126,RES_0005,L1,1,True,TR_000386,L1,TECHNICIAN
TASK_000126,RES_0011,L1,1,False,TR_000387,L1,SUPPORT
TASK_000127,RES_0003,L2,1,True,TR_000388,L2,LEAD
TASK_000127,RES_0030,L3,1,True,TR_000389,L3,SUPPORT
TASK_000127,RES_0027,L2,1,True,TR_000390,L2,LEAD
TASK_000128,RES_0016,L2,1,True,TR_000391,L2,TECHNICIAN
TASK_000128,RES_0010,L3,1,True,TR_000392,L3,SUPPORT
TASK_000128,RES_0001,L3,1,True,TR_000393,L3,TECHNICIAN
TASK_000129,RES_0021,L1,1,True,TR_000394,L1,LEAD
TASK_000129,RES_0027,L2,1,True,TR_000395,L2,TECHNICIAN
TASK_000129,RES_0018,L3,1,True,TR_000396,L3,LEAD
TASK_000130,RES_0028,L2,1,True,TR_000397,L2,LEAD
TASK_000130,RES_0010,L3,1,False,TR_000398,L3,LEAD
TASK_000130,RES_0001,L3,1,True,TR_000399,L3,TECHNICIAN
TASK_000131,RES_0020,L1,1,True,TR_000400,L1,LEAD
TASK_000131,RES_0026,L1,1,True,TR_000401,L1,TECHNICIAN
TASK_000131,RES_0005,L1,1,True,TR_000402,L1,TECHNICIAN
TASK_000132,RES_0018,L3,1,True,TR_000403,L3,LEAD
TASK_000132,RES_0003,L2,1,False,TR_000404,L2,TECHNICIAN
TASK_000132,RES_0030,L3,1,True,TR_000405,L3,TECHNICIAN
TASK_000133,RES_0025,L2,1,True,TR_000406,L2,LEAD
TASK_000133,RES_0001,L3,1,True,TR_000407,L3,SUPPORT
TASK_000133,RES_0004,L1,1,True,TR_000408,L1,TECHNICIAN
TASK_000134,RES_0008,L1,1,False,TR_000409,L1,TECHNICIAN
TASK_000134,RES_0026,L1,1,True,TR_000410,L1,TECHNICIAN
TASK_000134,RES_0005,L1,1,True,TR_000411,L1,TECHNICIAN
TASK_000135,RES_0021,L1,1,True,TR_000412,L1,TECHNICIAN
TASK_000135,RES_0015,L3,1,False,TR_000413,L3,SUPPORT
TASK_000135,RES_0018,L3,1,True,TR_000414,L3,SUPPORT
TASK_000136,RES_0029,L1,1,True,TR_000415,L1,SUPPORT
TASK_000136,RES_0008,L1,1,False,TR_000416,L1,LEAD
TASK_000136,RES_0014,L1,1,True,TR_000417,L1,TECHNICIAN
TASK_000137,RES_0003,L2,1,True,TR_000418,L2,SUPPORT
TASK_000137,RES_0030,L3,1,True,TR_000419,L3,TECHNICIAN
TASK_000137,RES_0018,L3,1,True,TR_000420,L3,LEAD
TASK_000138,RES_0010,L3,1,True,TR_000421,L3,LEAD
TASK_000139,RES_0014,L1,1,True,TR_000422,L1,TECHNICIAN
TASK_000139,RES_0011,L1,1,True,TR_000423,L1,LEAD
TASK_000139,RES_0017,L3,1,False,TR_000424,L3,LEAD
TASK_000140,RES_0006,L3,1,True,TR_000425,L3,TECHNICIAN
TASK_000140,RES_0015,L3,1,True,TR_000426,L3,LEAD
TASK_000140,RES_0027,L2,1,True,TR_000427,L2,TECHNICIAN
TASK_000141,RES_0004,L1,1,True,TR_000428,L1,TECHNICIAN
TASK_000141,RES_0025,L2,1,True,TR_000429,L2,SUPPORT
TASK_000141,RES_0016,L2,1,True,TR_000430,L2,SUPPORT
TASK_000142,RES_0020,L1,1,True,TR_000431,L1,TECHNICIAN
TASK_000142,RES_0005,L1,1,False,TR_000432,L1,LEAD
TASK_000142,RES_0014,L1,1,True,TR_000433,L1,SUPPORT
TASK_000143,RES_0016,L2,1,True,TR_000434,L2,TECHNICIAN
TASK_000143,RES_0028,L2,1,True,TR_000435,L2,LEAD
TASK_000143,RES_0004,L1,1,False,TR_000436,L1,LEAD
TASK_000144,RES_0008,L1,1,True,TR_000437,L1,TECHNICIAN
TASK_000144,RES_0020,L1,1,True,TR_000438,L1,SUPPORT
TASK_000144,RES_0005,L1,1,True,TR_000439,L1,LEAD
TASK_000145,RES_0015,L3,1,False,TR_000440,L3,TECHNICIAN
TASK_000145,RES_0009,L3,1,True,TR_000441,L3,TECHNICIAN
TASK_000145,RES_0024,L1,1,True,TR_000442,L1,TECHNICIAN
TASK_000146,RES_0016,L2,1,False,TR_000443,L2,TECHNICIAN
TASK_000146,RES_0010,L3,1,True,TR_000444,L3,TECHNICIAN
TASK_000146,RES_0019,L1,1,False,TR_000445,L1,LEAD
TASK_000147,RES_0011,L1,1,True,TR_000446,L1,TECHNICIAN
TASK_000147,RES_0002,L2,1,True,TR_000447,L2,SUPPORT
TASK_000147,RES_0017,L3,1,True,TR_000448,L3,SUPPORT
TASK_000148,RES_0012,L1,1,True,TR_000449,L1,LEAD
TASK_000148,RES_0027,L2,1,True,TR_000450,L2,SUPPORT
TASK_000148,RES_0021,L1,1,True,TR_000451,L1,SUPPORT
TASK_000149,RES_0016,L2,1,True,TR_000452,L2,LEAD
TASK_000149,RES_0004,L1,1,True,TR_000453,L1,TECHNICIAN
TASK_000149,RES_0025,L2,1,True,TR_000454,L2,SUPPORT
TASK_000150,RES_0029,L1,1,True,TR_000455,L1,LEAD
TASK_000150,RES_0002,L2,1,True,TR_000456,L2,SUPPORT
TASK_000150,RES_0026,L1,1,True,TR_000457,L1,TECHNICIAN
TASK_000151,RES_0010,L3,1,True,TR_000458,L3,TECHNICIAN
TASK_000151,RES_0004,L1,1,True,TR_000459,L1,TECHNICIAN
TASK_000151,RES_0016,L2,1,True,TR_000460,L2,SUPPORT
TASK_000152,RES_0005,L1,1,True,TR_000461,L1,SUPPORT
TASK_000152,RES_0011,L1,1,True,TR_000462,L1,SUPPORT
TASK_000152,RES_0023,L3,1,True,TR_000463,L3,SUPPORT
TASK_000153,RES_0003,L2,1,True,TR_000464,L2,SUPPORT
TASK_000153,RES_0021,L1,1,False,TR_000465,L1,LEAD
TASK_000153,RES_0024,L1,1,True,TR_000466,L1,LEAD
TASK_000154,RES_0004,L1,1,True,TR_000467,L1,SUPPORT
TASK_000154,RES_0013,L1,1,False,TR_000468,L1,SUPPORT
TASK_000154,RES_0019,L1,1,True,TR_000469,L1,TECHNICIAN
TASK_000155,RES_0020,L1,1,True,TR_000470,L1,TECHNICIAN
TASK_000155,RES_0008,L1,1,True,TR_000471,L1,TECHNICIAN
TASK_000155,RES_0026,L1,1,True,TR_000472,L1,SUPPORT
TASK_000156,RES_0018,L3,1,True,TR_000473,L3,SUPPORT
TASK_000156,RES_0027,L2,1,True,TR_000474,L2,LEAD
TASK_000156,RES_0006,L3,1,True,TR_000475,L3,SUPPORT
TASK_000157,RES_0025,L2,1,True,TR_000476,L2,SUPPORT
TASK_000157,RES_0001,L3,1,True,TR_000477,L3,SUPPORT
TASK_000157,RES_0019,L1,1,True,TR_000478,L1,LEAD
TASK_000158,RES_0018,L3,1,False,TR_000479,L3,LEAD
TASK_000158,RES_0012,L1,1,False,TR_000480,L1,LEAD
TASK_000158,RES_0003,L2,1,True,TR_000481,L2,SUPPORT
TASK_000159,RES_0001,L3,1,True,TR_000482,L3,SUPPORT
TASK_000159,RES_0019,L1,1,True,TR_000483,L1,SUPPORT
TASK_000159,RES_0025,L2,1,False,TR_000484,L2,TECHNICIAN
TASK_000160,RES_0023,L3,1,True,TR_000485,L3,TECHNICIAN
TASK_000160,RES_0011,L1,1,True,TR_000486,L1,TECHNICIAN
TASK_000160,RES_0008,L1,1,True,TR_000487,L1,SUPPORT
TASK_000161,RES_0027,L2,1,False,TR_000488,L2,SUPPORT
TASK_000161,RES_0015,L3,1,True,TR_000489,L3,SUPPORT
TASK_000161,RES_0018,L3,1,False,TR_000490,L3,LEAD
TASK_000162,RES_0016,L2,1,True,TR_000491,L2,SUPPORT
TASK_000162,RES_0007,L1,1,False,TR_000492,L1,LEAD
TASK_000162,RES_0010,L3,1,True,TR_000493,L3,LEAD
TASK_000163,RES_0005,L1,1,True,TR_000494,L1,TECHNICIAN
TASK_000163,RES_0029,L1,1,True,TR_000495,L1,SUPPORT
TASK_000163,RES_0017,L3,1,True,TR_000496,L3,LEAD
TASK_000164,RES_0009,L3,1,True,TR_000497,L3,LEAD
TASK_000164,RES_0027,L2,1,True,TR_000498,L2,LEAD
TASK_000164,RES_0024,L1,1,True,TR_000499,L1,TECHNICIAN
TASK_000164,RES_0012,L1,1,False,TR_000500,L1,TECHNICIAN
TASK_000165,RES_0014,L1,1,True,TR_000501,L1,TECHNICIAN
TASK_000165,RES_0002,L2,1,True,TR_000502,L2,SUPPORT
TASK_000165,RES_0029,L1,1,True,TR_000503,L1,LEAD
TASK_000166,RES_0003,L2,1,False,TR_000504,L2,TECHNICIAN
TASK_000166,RES_0012,L1,1,True,TR_000505,L1,SUPPORT
TASK_000166,RES_0027,L2,1,True,TR_000506,L2,SUPPORT
TASK_000167,RES_0001,L3,1,True,TR_000507,L3,SUPPORT
TASK_000167,RES_0022,L2,1,True,TR_000508,L2,SUPPORT
TASK_000167,RES_0028,L2,1,False,TR_000509,L2,TECHNICIAN
TASK_000168,RES_0014,L1,1,True,TR_000510,L1,SUPPORT
TASK_000168,RES_0002,L2,1,False,TR_000511,L2,SUPPORT
TASK_000168,RES_0023,L3,1,True,TR_000512,L3,SUPPORT
TASK_000169,RES_0018,L3,1,True,TR_000513,L3,SUPPORT
TASK_000169,RES_0003,L2,1,True,TR_000514,L2,LEAD
TASK_000169,RES_0006,L3,1,True,TR_000515,L3,SUPPORT
TASK_000170,RES_0004,L1,1,False,TR_000516,L1,TECHNICIAN
TASK_000170,RES_0013,L1,1,True,TR_000517,L1,LEAD
TASK_000170,RES_0028,L2,1,True,TR_000518,L2,SUPPORT
TASK_000171,RES_0023,L3,1,False,TR_000519,L3,TECHNICIAN
TASK_000171,RES_0020,L1,1,True,TR_000520,L1,TECHNICIAN
TASK_000171,RES_0005,L1,1,True,TR_000521,L1,LEAD
TASK_000172,RES_0007,L1,1,True,TR_000522,L1,TECHNICIAN
TASK_000172,RES_0010,L3,1,False,TR_000523,L3,LEAD
TASK_000172,RES_0013,L1,1,False,TR_000524,L1,TECHNICIAN
TASK_000173,RES_0008,L1,1,False,TR_000525,L1,SUPPORT
TASK_000173,RES_0026,L1,1,True,TR_000526,L1,LEAD
TASK_000173,RES_0029,L1,1,False,TR_000527,L1,TECHNICIAN
TASK_000174,RES_0012,L1,1,True,TR_000528,L1,LEAD
TASK_000174,RES_0009,L3,1,True,TR_000529,L3,LEAD
TASK_000174,RES_0021,L1,1,True,TR_000530,L1,LEAD
TASK_000175,RES_0025,L2,1,True,TR_000531,L2,SUPPORT
TASK_000175,RES_0004,L1,1,True,TR_000532,L1,SUPPORT
TASK_000175,RES_0022,L2,1,True,TR_000533,L2,SUPPORT
TASK_000176,RES_0023,L3,1,True,TR_000534,L3,TECHNICIAN
TASK_000176,RES_0005,L1,1,True,TR_000535,L1,TECHNICIAN
TASK_000176,RES_0020,L1,1,True,TR_000536,L1,SUPPORT
TASK_000177,RES_0018,L3,1,True,TR_000537,L3,TECHNICIAN
TASK_000177,RES_0003,L2,1,True,TR_000538,L2,TECHNICIAN
TASK_000177,RES_0021,L1,1,True,TR_000539,L1,LEAD
TASK_000178,RES_0007,L1,1,True,TR_000540,L1,SUPPORT
TASK_000178,RES_0001,L3,1,True,TR_000541,L3,LEAD
TASK_000178,RES_0025,L2,1,True,TR_000542,L2,LEAD
TASK_000179,RES_0030,L3,1,True,TR_000543,L3,TECHNICIAN
TASK_000179,RES_0021,L1,1,True,TR_000544,L1,TECHNICIAN
TASK_000179,RES_0018,L3,1,True,TR_000545,L3,LEAD
TASK_000180,RES_0007,L1,1,True,TR_000546,L1,SUPPORT
TASK_000180,RES_0004,L1,1,False,TR_000547,L1,SUPPORT
TASK_000180,RES_0001,L3,1,False,TR_000548,L3,LEAD
TASK_000181,RES_0029,L1,1,True,TR_000549,L1,SUPPORT
TASK_000181,RES_0002,L2,1,True,TR_000550,L2,TECHNICIAN
TASK_000181,RES_0017,L3,1,True,TR_000551,L3,LEAD
TASK_000182,RES_0006,L3,1,True,TR_000552,L3,LEAD
TASK_000182,RES_0003,L2,1,True,TR_000553,L2,TECHNICIAN
TASK_000182,RES_0027,L2,1,True,TR_000554,L2,LEAD
TASK_000183,RES_0022,L2,1,False,TR_000555,L2,TECHNICIAN
TASK_000183,RES_0025,L2,1,True,TR_000556,L2,TECHNICIAN
TASK_000183,RES_0010,L3,1,True,TR_000557,L3,TECHNICIAN
TASK_000184,RES_0026,L1,1,True,TR_000558,L1,TECHNICIAN
TASK_000184,RES_0005,L1,1,True,TR_000559,L1,LEAD
TASK_000184,RES_0029,L1,1,True,TR_000560,L1,SUPPORT
TASK_000184,RES_0023,L3,1,True,TR_000561,L3,LEAD
TASK_000185,RES_0024,L1,1,False,TR_000562,L1,TECHNICIAN
TASK_000185,RES_0027,L2,1,False,TR_000563,L2,LEAD
TASK_000185,RES_0021,L1,1,True,TR_000564,L1,TECHNICIAN
TASK_000186,RES_0029,L1,1,False,TR_000565,L1,SUPPORT
TASK_000186,RES_0023,L3,1,True,TR_000566,L3,LEAD
TASK_000186,RES_0017,L3,1,True,TR_000567,L3,SUPPORT
TASK_000187,RES_0006,L3,1,True,TR_000568,L3,TECHNICIAN
TASK_000187,RES_0003,L2,1,False,TR_000569,L2,SUPPORT
TASK_000187,RES_0009,L3,1,True,TR_000570,L3,SUPPORT
TASK_000188,RES_0016,L2,1,True,TR_000571,L2,TECHNICIAN
TASK_000188,RES_0022,L2,1,False,TR_000572,L2,SUPPORT
TASK_000188,RES_0028,L2,1,True,TR_000573,L2,TECHNICIAN
TASK_000189,RES_0029,L1,1,True,TR_000574,L1,LEAD
TASK_000189,RES_0026,L1,1,True,TR_000575,L1,SUPPORT
TASK_000189,RES_0005,L1,1,True,TR_000576,L1,TECHNICIAN
TASK_000190,RES_0021,L1,1,True,TR_000577,L1,SUPPORT
TASK_000190,RES_0012,L1,1,True,TR_000578,L1,LEAD
TASK_000190,RES_0027,L2,1,True,TR_000579,L2,TECHNICIAN
TASK_000191,RES_0004,L1,1,False,TR_000580,L1,LEAD
TASK_000191,RES_0013,L1,1,True,TR_000581,L1,TECHNICIAN
TASK_000191,RES_0007,L1,1,True,TR_000582,L1,TECHNICIAN
TASK_000191,RES_0019,L1,1,True,TR_000583,L1,TECHNICIAN
TASK_000191,RES_0001,L3,1,True,TR_000584,L3,TECHNICIAN
TASK_000192,RES_0014,L1,1,False,TR_000585,L1,LEAD
TASK_000192,RES_0029,L1,1,False,TR_000586,L1,SUPPORT
TASK_000192,RES_0017,L3,1,True,TR_000587,L3,SUPPORT
TASK_000193,RES_0022,L2,1,True,TR_000588,L2,LEAD
TASK_000193,RES_0025,L2,1,True,TR_000589,L2,TECHNICIAN
TASK_000193,RES_0010,L3,1,True,TR_000590,L3,SUPPORT
TASK_000194,RES_0011,L1,1,False,TR_000591,L1,SUPPORT
TASK_000194,RES_0026,L1,1,True,TR_000592,L1,TECHNICIAN
TASK_000194,RES_0029,L1,1,True,TR_000593,L1,LEAD
TASK_000195,RES_0018,L3,1,True,TR_000594,L3,TECHNICIAN
TASK_000195,RES_0006,L3,1,True,TR_000595,L3,SUPPORT
TASK_000195,RES_0003,L2,1,True,TR_000596,L2,TECHNICIAN
TASK_000196,RES_0013,L1,1,True,TR_000597,L1,TECHNICIAN
TASK_000196,RES_0019,L1,1,True,TR_000598,L1,SUPPORT
TASK_000196,RES_0016,L2,1,True,TR_000599,L2,TECHNICIAN
TASK_000197,RES_0011,L1,1,False,TR_000600,L1,LEAD
TASK_000197,RES_0020,L1,1,True,TR_000601,L1,TECHNICIAN
TASK_000197,RES_0017,L3,1,True,TR_000602,L3,SUPPORT
TASK_000198,RES_0012,L1,1,True,TR_000603,L1,LEAD
TASK_000198,RES_0024,L1,1,False,TR_000604,L1,LEAD
TASK_000198,RES_0030,L3,1,True,TR_000605,L3,LEAD
TASK_000199,RES_0019,L1,1,True,TR_000606,L1,TECHNICIAN
TASK_000199,RES_0007,L1,1,False,TR_000607,L1,LEAD
TASK_000199,RES_0028,L2,1,True,TR_000608,L2,SUPPORT
TASK_000200,RES_0002,L2,1,True,TR_000609,L2,TECHNICIAN
TASK_000200,RES_0008,L1,1,True,TR_000610,L1,SUPPORT
TASK_000200,RES_0023,L3,1,False,TR_000611,L3,SUPPORT
TASK_000201,RES_0013,L1,1,True,TR_000612,L1,TECHNICIAN
TASK_000201,RES_0022,L2,1,True,TR_000613,L2,TECHNICIAN
TASK_000201,RES_0007,L1,1,True,TR_000614,L1,TECHNICIAN
TASK_000202,RES_0011,L1,1,True,TR_000615,L1,SUPPORT
TASK_000202,RES_0002,L2,1,True,TR_000616,L2,LEAD
TASK_000202,RES_0026,L1,1,True,TR_000617,L1,TECHNICIAN
TASK_000203,RES_0027,L2,1,True,TR_000618,L2,TECHNICIAN
TASK_000203,RES_0024,L1,1,True,TR_000619,L1,LEAD
TASK_000203,RES_0018,L3,1,True,TR_000620,L3,TECHNICIAN
TASK_000204,RES_0001,L3,1,True,TR_000621,L3,LEAD
TASK_000204,RES_0013,L1,1,True,TR_000622,L1,LEAD
TASK_000204,RES_0028,L2,1,False,TR_000623,L2,TECHNICIAN
TASK_000205,RES_0011,L1,1,False,TR_000624,L1,LEAD
TASK_000205,RES_0026,L1,1,True,TR_000625,L1,SUPPORT
TASK_000205,RES_0017,L3,1,True,TR_000626,L3,SUPPORT
TASK_000206,RES_0030,L3,1,True,TR_000627,L3,LEAD
TASK_000206,RES_0003,L2,1,True,TR_000628,L2,TECHNICIAN
TASK_000206,RES_0006,L3,1,True,TR_000629,L3,SUPPORT
TASK_000207,RES_0028,L2,1,True,TR_000630,L2,SUPPORT
TASK_000207,RES_0025,L2,1,True,TR_000631,L2,SUPPORT
TASK_000207,RES_0007,L1,1,True,TR_000632,L1,LEAD
TASK_000208,RES_0030,L3,1,True,TR_000633,L3,SUPPORT
TASK_000208,RES_0027,L2,1,True,TR_000634,L2,SUPPORT
TASK_000208,RES_0009,L3,1,True,TR_000635,L3,LEAD
TASK_000209,RES_0013,L1,1,False,TR_000636,L1,SUPPORT
TASK_000209,RES_0010,L3,1,True,TR_000637,L3,LEAD
TASK_000209,RES_0004,L1,1,True,TR_000638,L1,LEAD
TASK_000210,RES_0014,L1,1,True,TR_000639,L1,SUPPORT
TASK_000210,RES_0020,L1,1,False,TR_000640,L1,LEAD
TASK_000210,RES_0026,L1,1,True,TR_000641,L1,TECHNICIAN
TASK_000211,RES_0015,L3,1,True,TR_000642,L3,TECHNICIAN
TASK_000211,RES_0012,L1,1,True,TR_000643,L1,LEAD
TASK_000211,RES_0018,L3,1,True,TR_000644,L3,LEAD
TASK_000212,RES_0022,L2,1,True,TR_000645,L2,SUPPORT
TASK_000212,RES_0007,L1,1,True,TR_000646,L1,LEAD
TASK_000212,RES_0013,L1,1,False,TR_000647,L1,LEAD
TASK_000212,RES_0010,L3,1,False,TR_000648,L3,SUPPORT
TASK_000212,RES_0019,L1,1,True,TR_000649,L1,TECHNICIAN
TASK_000213,RES_0029,L1,1,False,TR_000650,L1,TECHNICIAN
TASK_000213,RES_0023,L3,1,True,TR_000651,L3,LEAD
TASK_000213,RES_0020,L1,1,True,TR_000652,L1,SUPPORT
TASK_000214,RES_0012,L1,1,True,TR_000653,L1,LEAD
TASK_000214,RES_0009,L3,1,True,TR_000654,L3,LEAD
TASK_000214,RES_0027,L2,1,True,TR_000655,L2,SUPPORT
TASK_000215,RES_0023,L3,1,True,TR_000656,L3,SUPPORT
TASK_000215,RES_0026,L1,1,True,TR_000657,L1,SUPPORT
TASK_000215,RES_0011,L1,1,True,TR_000658,L1,LEAD
TASK_000216,RES_0018,L3,1,True,TR_000659,L3,LEAD
TASK_000216,RES_0027,L2,1,True,TR_000660,L2,LEAD
TASK_000216,RES_0021,L1,1,True,TR_000661,L1,LEAD
TASK_000217,RES_0028,L2,1,True,TR_000662,L2,SUPPORT
TASK_000217,RES_0007,L1,1,False,TR_000663,L1,LEAD
TASK_000217,RES_0022,L2,1,True,TR_000664,L2,TECHNICIAN
TASK_000218,RES_0014,L1,1,True,TR_000665,L1,TECHNICIAN
TASK_000218,RES_0026,L1,1,True,TR_000666,L1,SUPPORT
TASK_000218,RES_0029,L1,1,True,TR_000667,L1,LEAD
TASK_000219,RES_0018,L3,1,False,TR_000668,L3,TECHNICIAN
TASK_000219,RES_0009,L3,1,True,TR_000669,L3,SUPPORT
TASK_000219,RES_0006,L3,1,True,TR_000670,L3,SUPPORT
TASK_000220,RES_0019,L1,1,False,TR_000671,L1,LEAD
TASK_000220,RES_0004,L1,1,True,TR_000672,L1,LEAD
TASK_000220,RES_0022,L2,1,True,TR_000673,L2,TECHNICIAN
TASK_000221,RES_0002,L2,1,True,TR_000674,L2,LEAD
TASK_000221,RES_0014,L1,1,True,TR_000675,L1,TECHNICIAN
TASK_000222,RES_0019,L1,1,False,TR_000676,L1,LEAD
TASK_000222,RES_0022,L2,1,True,TR_000677,L2,SUPPORT
TASK_000222,RES_0016,L2,1,False,TR_000678,L2,TECHNICIAN
TASK_000223,RES_0023,L3,1,True,TR_000679,L3,TECHNICIAN
TASK_000223,RES_0020,L1,1,True,TR_000680,L1,TECHNICIAN
TASK_000223,RES_0002,L2,1,True,TR_000681,L2,SUPPORT
TASK_000224,RES_0024,L1,1,True,TR_000682,L1,TECHNICIAN
TASK_000224,RES_0030,L3,1,True,TR_000683,L3,LEAD
TASK_000224,RES_0009,L3,1,True,TR_000684,L3,LEAD
TASK_000225,RES_0019,L1,1,False,TR_000685,L1,SUPPORT
TASK_000225,RES_0016,L2,1,True,TR_000686,L2,LEAD
TASK_000225,RES_0010,L3,1,True,TR_000687,L3,TECHNICIAN
TASK_000226,RES_0014,L1,1,False,TR_000688,L1,TECHNICIAN
TASK_000226,RES_0008,L1,1,True,TR_000689,L1,TECHNICIAN
TASK_000227,RES_0027,L2,1,True,TR_000690,L2,SUPPORT
TASK_000227,RES_0018,L3,1,True,TR_000691,L3,TECHNICIAN
TASK_000227,RES_0024,L1,1,True,TR_000692,L1,SUPPORT
TASK_000228,RES_0001,L3,1,True,TR_000693,L3,SUPPORT
TASK_000228,RES_0010,L3,1,False,TR_000694,L3,TECHNICIAN
TASK_000228,RES_0028,L2,1,True,TR_000695,L2,LEAD
TASK_000229,RES_0030,L3,1,False,TR_000696,L3,SUPPORT
TASK_000229,RES_0006,L3,1,True,TR_000697,L3,TECHNICIAN
TASK_000229,RES_0024,L1,1,True,TR_000698,L1,SUPPORT
TASK_000230,RES_0016,L2,1,True,TR_000699,L2,TECHNICIAN
TASK_000230,RES_0022,L2,1,True,TR_000700,L2,SUPPORT
TASK_000230,RES_0019,L1,1,True,TR_000701,L1,LEAD
TASK_000231,RES_0005,L1,1,True,TR_000702,L1,SUPPORT
TASK_000231,RES_0017,L3,1,True,TR_000703,L3,LEAD
TASK_000231,RES_0029,L1,1,True,TR_000704,L1,LEAD
TASK_000232,RES_0006,L3,1,True,TR_000705,L3,SUPPORT
TASK_000232,RES_0024,L1,1,True,TR_000706,L1,SUPPORT
TASK_000232,RES_0018,L3,1,True,TR_000707,L3,TECHNICIAN
TASK_000233,RES_0004,L1,1,False,TR_000708,L1,LEAD
TASK_000233,RES_0016,L2,1,True,TR_000709,L2,LEAD
TASK_000233,RES_0028,L2,1,True,TR_000710,L2,TECHNICIAN
TASK_000234,RES_0026,L1,1,False,TR_000711,L1,SUPPORT
TASK_000234,RES_0011,L1,1,True,TR_000712,L1,TECHNICIAN
TASK_000234,RES_0008,L1,1,True,TR_000713,L1,SUPPORT
TASK_000235,RES_0012,L1,1,True,TR_000714,L1,LEAD
TASK_000235,RES_0006,L3,1,True,TR_000715,L3,LEAD
TASK_000235,RES_0018,L3,1,True,TR_000716,L3,SUPPORT
TASK_000236,RES_0002,L2,1,True,TR_000717,L2,LEAD
TASK_000236,RES_0014,L1,1,False,TR_000718,L1,TECHNICIAN
TASK_000236,RES_0023,L3,1,False,TR_000719,L3,LEAD
TASK_000237,RES_0003,L2,1,True,TR_000720,L2,SUPPORT
TASK_000237,RES_0006,L3,1,True,TR_000721,L3,SUPPORT
TASK_000237,RES_0024,L1,1,True,TR_000722,L1,SUPPORT
TASK_000238,RES_0010,L3,1,False,TR_000723,L3,LEAD
TASK_000238,RES_0007,L1,1,False,TR_000724,L1,LEAD
TASK_000238,RES_0016,L2,1,True,TR_000725,L2,SUPPORT
TASK_000239,RES_0020,L1,1,True,TR_000726,L1,LEAD
TASK_000239,RES_0023,L3,1,True,TR_000727,L3,LEAD
TASK_000239,RES_0026,L1,1,True,TR_000728,L1,LEAD
TASK_000240,RES_0030,L3,1,True,TR_000729,L3,LEAD
TASK_000240,RES_0024,L1,1,True,TR_000730,L1,TECHNICIAN
TASK_000240,RES_0027,L2,1,True,TR_000731,L2,TECHNICIAN
TASK_000241,RES_0013,L1,1,True,TR_000732,L1,LEAD
TASK_000241,RES_0016,L2,1,True,TR_000733,L2,SUPPORT
TASK_000241,RES_0022,L2,1,True,TR_000734,L2,SUPPORT
TASK_000242,RES_0011,L1,1,True,TR_000735,L1,TECHNICIAN
TASK_000242,RES_0020,L1,1,True,TR_000736,L1,TECHNICIAN
TASK_000242,RES_0026,L1,1,True,TR_000737,L1,LEAD
TASK_000243,RES_0022,L2,1,True,TR_000738,L2,LEAD
TASK_000243,RES_0004,L1,1,True,TR_000739,L1,SUPPORT
TASK_000243,RES_0016,L2,1,True,TR_000740,L2,SUPPORT
TASK_000244,RES_0023,L3,1,True,TR_000741,L3,SUPPORT
TASK_000244,RES_0029,L1,1,True,TR_000742,L1,SUPPORT
TASK_000244,RES_0014,L1,1,True,TR_000743,L1,SUPPORT
TASK_000245,RES_0030,L3,1,False,TR_000744,L3,SUPPORT
TASK_000245,RES_0024,L1,1,True,TR_000745,L1,LEAD
TASK_000245,RES_0009,L3,1,True,TR_000746,L3,LEAD
TASK_000246,RES_0001,L3,1,True,TR_000747,L3,SUPPORT
TASK_000246,RES_0028,L2,1,True,TR_000748,L2,SUPPORT
TASK_000246,RES_0007,L1,1,True,TR_000749,L1,LEAD
TASK_000247,RES_0017,L3,1,True,TR_000750,L3,TECHNICIAN
TASK_000247,RES_0023,L3,1,True,TR_000751,L3,SUPPORT
TASK_000247,RES_0008,L1,1,True,TR_000752,L1,SUPPORT
TASK_000247,RES_0005,L1,1,True,TR_000753,L1,TECHNICIAN
TASK_000248,RES_0021,L1,1,True,TR_000754,L1,SUPPORT
TASK_000248,RES_0024,L1,1,True,TR_000755,L1,SUPPORT
TASK_000248,RES_0006,L3,1,True,TR_000756,L3,SUPPORT
TASK_000249,RES_0025,L2,1,True,TR_000757,L2,TECHNICIAN
TASK_000249,RES_0010,L3,1,True,TR_000758,L3,SUPPORT
TASK_000249,RES_0004,L1,1,True,TR_000759,L1,TECHNICIAN
TASK_000250,RES_0011,L1,1,True,TR_000760,L1,LEAD
TASK_000250,RES_0005,L1,1,False,TR_000761,L1,TECHNICIAN
TASK_000250,RES_0023,L3,1,True,TR_000762,L3,LEAD
TASK_000251,RES_0019,L1,1,True,TR_000763,L1,TECHNICIAN
TASK_000252,RES_0002,L2,1,True,TR_000764,L2,LEAD
TASK_000252,RES_0017,L3,1,True,TR_000765,L3,LEAD
TASK_000252,RES_0026,L1,1,True,TR_000766,L1,LEAD
TASK_000253,RES_0030,L3,1,True,TR_000767,L3,TECHNICIAN
TASK_000253,RES_0024,L1,1,True,TR_000768,L1,SUPPORT
TASK_000253,RES_0015,L3,1,True,TR_000769,L3,TECHNICIAN
TASK_000254,RES_0025,L2,1,True,TR_000770,L2,TECHNICIAN
TASK_000254,RES_0001,L3,1,True,TR_000771,L3,SUPPORT
TASK_000254,RES_0013,L1,1,True,TR_000772,L1,SUPPORT
TASK_000255,RES_0017,L3,1,False,TR_000773,L3,TECHNICIAN
TASK_000255,RES_0008,L1,1,True,TR_000774,L1,TECHNICIAN
TASK_000255,RES_0020,L1,1,True,TR_000775,L1,LEAD
TASK_000256,RES_0018,L3,1,False,TR_000776,L3,TECHNICIAN
TASK_000256,RES_0024,L1,1,True,TR_000777,L1,SUPPORT
TASK_000256,RES_0021,L1,1,True,TR_000778,L1,LEAD
TASK_000257,RES_0010,L3,1,True,TR_000779,L3,LEAD
TASK_000257,RES_0004,L1,1,True,TR_000780,L1,SUPPORT
TASK_000257,RES_0025,L2,1,True,TR_000781,L2,SUPPORT
TASK_000258,RES_0003,L2,1,True,TR_000782,L2,LEAD
TASK_000258,RES_0027,L2,1,True,TR_000783,L2,LEAD
TASK_000258,RES_0021,L1,1,False,TR_000784,L1,LEAD
TASK_000259,RES_0022,L2,1,True,TR_000785,L2,SUPPORT
TASK_000259,RES_0010,L3,1,True,TR_000786,L3,SUPPORT
TASK_000259,RES_0028,L2,1,True,TR_000787,L2,TECHNICIAN
TASK_000260,RES_0014,L1,1,True,TR_000788,L1,TECHNICIAN
TASK_000260,RES_0026,L1,1,True,TR_000789,L1,SUPPORT
TASK_000260,RES_0005,L1,1,True,TR_000790,L1,SUPPORT
TASK_000261,RES_0003,L2,1,False,TR_000791,L2,LEAD
TASK_000261,RES_0021,L1,1,True,TR_000792,L1,LEAD
TASK_000261,RES_0015,L3,1,True,TR_000793,L3,SUPPORT
TASK_000262,RES_0016,L2,1,True,TR_000794,L2,SUPPORT
TASK_000262,RES_0028,L2,1,True,TR_000795,L2,LEAD
TASK_000262,RES_0001,L3,1,True,TR_000796,L3,SUPPORT
TASK_000263,RES_0002,L2,1,False,TR_000797,L2,TECHNICIAN
TASK_000263,RES_0026,L1,1,True,TR_000798,L1,SUPPORT
TASK_000263,RES_0017,L3,1,True,TR_000799,L3,LEAD
TASK_000264,RES_0003,L2,1,True,TR_000800,L2,TECHNICIAN
TASK_000264,RES_0027,L2,1,True,TR_000801,L2,LEAD
TASK_000264,RES_0018,L3,1,False,TR_000802,L3,TECHNICIAN
TASK_000265,RES_0017,L3,1,True,TR_000803,L3,SUPPORT
TASK_000265,RES_0002,L2,1,False,TR_000804,L2,SUPPORT
TASK_000265,RES_0017,L3,1,False,TR_000805,L3,LEAD
TASK_000266,RES_0015,L3,1,True,TR_000806,L3,LEAD
TASK_000266,RES_0027,L2,1,False,TR_000807,L2,LEAD
TASK_000266,RES_0018,L3,1,True,TR_000808,L3,SUPPORT
TASK_000267,RES_0013,L1,1,True,TR_000809,L1,SUPPORT
TASK_000267,RES_0010,L3,1,True,TR_000810,L3,SUPPORT
TASK_000267,RES_0022,L2,1,False,TR_000811,L2,SUPPORT
TASK_000268,RES_0008,L1,1,True,TR_000812,L1,SUPPORT
TASK_000268,RES_0011,L1,1,True,TR_000813,L1,SUPPORT
TASK_000268,RES_0017,L3,1,True,TR_000814,L3,TECHNICIAN
TASK_000269,RES_0012,L1,1,True,TR_000815,L1,SUPPORT
TASK_000269,RES_0027,L2,1,True,TR_000816,L2,SUPPORT
TASK_000269,RES_0006,L3,1,True,TR_000817,L3,LEAD
TASK_000270,RES_0004,L1,1,True,TR_000818,L1,TECHNICIAN
TASK_000270,RES_0007,L1,1,True,TR_000819,L1,SUPPORT
TASK_000270,RES_0025,L2,1,False,TR_000820,L2,SUPPORT
TASK_000271,RES_0020,L1,1,True,TR_000821,L1,LEAD
TASK_000271,RES_0023,L3,1,True,TR_000822,L3,LEAD
TASK_000271,RES_0014,L1,1,True,TR_000823,L1,LEAD
TASK_000272,RES_0013,L1,1,True,TR_000824,L1,LEAD
TASK_000272,RES_0007,L1,1,True,TR_000825,L1,LEAD
TASK_000272,RES_0028,L2,1,True,TR_000826,L2,TECHNICIAN
TASK_000273,RES_0017,L3,1,False,TR_000827,L3,LEAD
TASK_000273,RES_0023,L3,1,True,TR_000828,L3,LEAD
TASK_000273,RES_0011,L1,1,True,TR_000829,L1,TECHNICIAN
TASK_000274,RES_0012,L1,1,True,TR_000830,L1,SUPPORT
TASK_000274,RES_0003,L2,1,True,TR_000831,L2,TECHNICIAN
TASK_000274,RES_0024,L1,1,False,TR_000832,L1,LEAD
TASK_000275,RES_0010,L3,1,True,TR_000833,L3,SUPPORT
TASK_000275,RES_0019,L1,1,True,TR_000834,L1,TECHNICIAN
TASK_000275,RES_0007,L1,1,True,TR_000835,L1,TECHNICIAN
TASK_000276,RES_0014,L1,1,True,TR_000836,L1,SUPPORT
TASK_000276,RES_0008,L1,1,False,TR_000837,L1,LEAD
TASK_000276,RES_0026,L1,1,True,TR_000838,L1,SUPPORT
TASK_000277,RES_0024,L1,1,False,TR_000839,L1,LEAD
TASK_000277,RES_0015,L3,1,True,TR_000840,L3,TECHNICIAN
TASK_000277,RES_0021,L1,1,True,TR_000841,L1,SUPPORT
TASK_000278,RES_0007,L1,1,True,TR_000842,L1,LEAD
TASK_000278,RES_0025,L2,1,True,TR_000843,L2,LEAD
TASK_000278,RES_0010,L3,1,True,TR_000844,L3,LEAD
TASK_000279,RES_0003,L2,1,True,TR_000845,L2,SUPPORT
TASK_000279,RES_0006,L3,1,True,TR_000846,L3,LEAD
TASK_000279,RES_0030,L3,1,True,TR_000847,L3,LEAD
TASK_000280,RES_0019,L1,1,True,TR_000848,L1,TECHNICIAN
TASK_000280,RES_0025,L2,1,True,TR_000849,L2,TECHNICIAN
TASK_000280,RES_0004,L1,1,True,TR_000850,L1,SUPPORT
TASK_000281,RES_0011,L1,1,True,TR_000851,L1,TECHNICIAN
TASK_000281,RES_0023,L3,1,False,TR_000852,L3,TECHNICIAN
TASK_000281,RES_0026,L1,1,True,TR_000853,L1,LEAD
TASK_000282,RES_0009,L3,1,True,TR_000854,L3,SUPPORT
TASK_000282,RES_0030,L3,1,True,TR_000855,L3,LEAD
TASK_000282,RES_0024,L1,1,False,TR_000856,L1,TECHNICIAN
TASK_000283,RES_0025,L2,1,True,TR_000857,L2,LEAD
TASK_000284,RES_0026,L1,1,True,TR_000858,L1,TECHNICIAN
TASK_000284,RES_0029,L1,1,True,TR_000859,L1,LEAD
TASK_000284,RES_0014,L1,1,False,TR_000860,L1,LEAD
TASK_000285,RES_0021,L1,1,True,TR_000861,L1,TECHNICIAN
TASK_000285,RES_0003,L2,1,True,TR_000862,L2,LEAD
TASK_000285,RES_0012,L1,1,True,TR_000863,L1,SUPPORT
TASK_000286,RES_0029,L1,1,True,TR_000864,L1,SUPPORT
TASK_000286,RES_0002,L2,1,True,TR_000865,L2,SUPPORT
TASK_000286,RES_0023,L3,1,True,TR_000866,L3,SUPPORT
TASK_000287,RES_0006,L3,1,True,TR_000867,L3,TECHNICIAN
TASK_000287,RES_0015,L3,1,True,TR_000868,L3,LEAD
TASK_000287,RES_0018,L3,1,True,TR_000869,L3,TECHNICIAN
TASK_000288,RES_0019,L1,1,True,TR_000870,L1,TECHNICIAN
TASK_000288,RES_0004,L1,1,True,TR_000871,L1,LEAD
TASK_000288,RES_0013,L1,1,False,TR_000872,L1,SUPPORT
TASK_000289,RES_0026,L1,1,True,TR_000873,L1,LEAD
TASK_000289,RES_0011,L1,1,True,TR_000874,L1,SUPPORT
TASK_000289,RES_0023,L3,1,True,TR_000875,L3,LEAD
TASK_000290,RES_0012,L1,1,True,TR_000876,L1,TECHNICIAN
TASK_000290,RES_0003,L2,1,True,TR_000877,L2,SUPPORT
TASK_000290,RES_0009,L3,1,True,TR_000878,L3,SUPPORT
TASK_000291,RES_0001,L3,1,True,TR_000879,L3,LEAD
TASK_000291,RES_0016,L2,1,True,TR_000880,L2,TECHNICIAN
TASK_000291,RES_0004,L1,1,True,TR_000881,L1,TECHNICIAN
TASK_000292,RES_0020,L1,1,True,TR_000882,L1,SUPPORT
TASK_000292,RES_0017,L3,1,True,TR_000883,L3,SUPPORT
TASK_000292,RES_0011,L1,1,False,TR_000884,L1,SUPPORT
TASK_000293,RES_0004,L1,1,True,TR_000885,L1,LEAD
TASK_000293,RES_0010,L3,1,True,TR_000886,L3,TECHNICIAN
TASK_000293,RES_0028,L2,1,True,TR_000887,L2,LEAD
TASK_000294,RES_0023,L3,1,True,TR_000888,L3,SUPPORT
TASK_000294,RES_0020,L1,1,True,TR_000889,L1,TECHNICIAN
TASK_000294,RES_0008,L1,1,True,TR_000890,L1,SUPPORT
TASK_000295,RES_0018,L3,1,True,TR_000891,L3,LEAD
TASK_000295,RES_0003,L2,1,True,TR_000892,L2,SUPPORT
TASK_000295,RES_0024,L1,1,True,TR_000893,L1,LEAD
TASK_000296,RES_0004,L1,1,True,TR_000894,L1,LEAD
TASK_000296,RES_0001,L3,1,True,TR_000895,L3,TECHNICIAN
TASK_000296,RES_0016,L2,1,True,TR_000896,L2,TECHNICIAN
TASK_000297,RES_0017,L3,1,True,TR_000897,L3,LEAD
TASK_000297,RES_0008,L1,1,True,TR_000898,L1,TECHNICIAN
TASK_000297,RES_0011,L1,1,False,TR_000899,L1,SUPPORT
TASK_000298,RES_0021,L1,1,True,TR_000900,L1,LEAD
TASK_000298,RES_0012,L1,1,True,TR_000901,L1,SUPPORT
TASK_000298,RES_0015,L3,1,True,TR_000902,L3,TECHNICIAN
TASK_000299,RES_0022,L2,1,False,TR_000903,L2,LEAD
TASK_000299,RES_0016,L2,1,False,TR_000904,L2,SUPPORT
TASK_000299,RES_0028,L2,1,True,TR_000905,L2,TECHNICIAN
TASK_000300,RES_0008,L1,1,True,TR_000906,L1,TECHNICIAN
TASK_000300,RES_0002,L2,1,True,TR_000907,L2,SUPPORT
TASK_000300,RES_0005,L1,1,True,TR_000908,L1,TECHNICIAN
TASK_000301,RES_0001,L3,1,True,TR_000909,L3,SUPPORT
TASK_000301,RES_0016,L2,1,True,TR_000910,L2,SUPPORT
TASK_000301,RES_0025,L2,1,False,TR_000911,L2,SUPPORT
TASK_000302,RES_0011,L1,1,True,TR_000912,L1,LEAD
TASK_000302,RES_0017,L3,1,True,TR_000913,L3,LEAD
TASK_000302,RES_0026,L1,1,True,TR_000914,L1,LEAD
TASK_000303,RES_0015,L3,1,True,TR_000915,L3,LEAD
TASK_000304,RES_0004,L1,1,True,TR_000916,L1,SUPPORT
TASK_000304,RES_0019,L1,1,True,TR_000917,L1,TECHNICIAN
TASK_000304,RES_0010,L3,1,True,TR_000918,L3,SUPPORT
TASK_000305,RES_0026,L1,1,True,TR_000919,L1,TECHNICIAN
TASK_000305,RES_0011,L1,1,True,TR_000920,L1,TECHNICIAN
TASK_000305,RES_0008,L1,1,False,TR_000921,L1,LEAD
TASK_000306,RES_0006,L3,1,False,TR_000922,L3,LEAD
TASK_000306,RES_0027,L2,1,True,TR_000923,L2,SUPPORT
TASK_000306,RES_0024,L1,1,True,TR_000924,L1,TECHNICIAN
TASK_000307,RES_0025,L2,1,True,TR_000925,L2,TECHNICIAN
TASK_000307,RES_0022,L2,1,True,TR_000926,L2,LEAD
TASK_000307,RES_0019,L1,1,False,TR_000927,L1,TECHNICIAN
TASK_000308,RES_0027,L2,1,True,TR_000928,L2,SUPPORT
TASK_000308,RES_0024,L1,1,True,TR_000929,L1,LEAD
TASK_000308,RES_0015,L3,1,True,TR_000930,L3,TECHNICIAN
TASK_000309,RES_0001,L3,1,True,TR_000931,L3,SUPPORT
TASK_000309,RES_0004,L1,1,False,TR_000932,L1,SUPPORT
TASK_000309,RES_0022,L2,1,True,TR_000933,L2,LEAD
TASK_000310,RES_0014,L1,1,False,TR_000934,L1,LEAD
TASK_000310,RES_0005,L1,1,True,TR_000935,L1,LEAD
TASK_000310,RES_0023,L3,1,True,TR_000936,L3,SUPPORT
TASK_000311,RES_0021,L1,1,True,TR_000937,L1,SUPPORT
TASK_000311,RES_0027,L2,1,True,TR_000938,L2,SUPPORT
TASK_000311,RES_0018,L3,1,True,TR_000939,L3,TECHNICIAN
TASK_000312,RES_0028,L2,1,True,TR_000940,L2,LEAD
TASK_000313,RES_0005,L1,1,True,TR_000941,L1,SUPPORT
TASK_000313,RES_0020,L1,1,True,TR_000942,L1,LEAD
TASK_000313,RES_0026,L1,1,True,TR_000943,L1,SUPPORT
TASK_000314,RES_0027,L2,1,True,TR_000944,L2,LEAD
TASK_000314,RES_0018,L3,1,True,TR_000945,L3,TECHNICIAN
TASK_000314,RES_0003,L2,1,True,TR_000946,L2,TECHNICIAN
TASK_000315,RES_0029,L1,1,False,TR_000947,L1,LEAD
TASK_000315,RES_0026,L1,1,True,TR_000948,L1,LEAD
TASK_000315,RES_0011,L1,1,True,TR_000949,L1,TECHNICIAN
TASK_000316,RES_0006,L3,1,True,TR_000950,L3,LEAD
TASK_000316,RES_0012,L1,1,False,TR_000951,L1,SUPPORT
TASK_000316,RES_0003,L2,1,True,TR_000952,L2,TECHNICIAN
TASK_000316,RES_0018,L3,1,True,TR_000953,L3,TECHNICIAN
TASK_000317,RES_0013,L1,1,True,TR_000954,L1,LEAD
TASK_000317,RES_0019,L1,1,True,TR_000955,L1,SUPPORT
TASK_000317,RES_0022,L2,1,True,TR_000956,L2,SUPPORT
TASK_000318,RES_0014,L1,1,True,TR_000957,L1,SUPPORT
TASK_000318,RES_0011,L1,1,True,TR_000958,L1,LEAD
TASK_000318,RES_0002,L2,1,True,TR_000959,L2,TECHNICIAN
TASK_000319,RES_0006,L3,1,True,TR_000960,L3,TECHNICIAN
TASK_000319,RES_0012,L1,1,True,TR_000961,L1,TECHNICIAN
TASK_000319,RES_0024,L1,1,False,TR_000962,L1,TECHNICIAN
TASK_000320,RES_0001,L3,1,True,TR_000963,L3,SUPPORT
TASK_000320,RES_0004,L1,1,True,TR_000964,L1,LEAD
TASK_000320,RES_0022,L2,1,False,TR_000965,L2,TECHNICIAN
TASK_000321,RES_0020,L1,1,True,TR_000966,L1,SUPPORT
TASK_000321,RES_0017,L3,1,True,TR_000967,L3,TECHNICIAN
TASK_000321,RES_0014,L1,1,True,TR_000968,L1,SUPPORT
TASK_000322,RES_0004,L1,1,True,TR_000969,L1,SUPPORT
TASK_000322,RES_0022,L2,1,True,TR_000970,L2,LEAD
TASK_000322,RES_0013,L1,1,True,TR_000971,L1,SUPPORT
TASK_000323,RES_0026,L1,1,True,TR_000972,L1,TECHNICIAN
TASK_000323,RES_0020,L1,1,False,TR_000973,L1,TECHNICIAN
TASK_000323,RES_0029,L1,1,False,TR_000974,L1,TECHNICIAN
TASK_000324,RES_0009,L3,1,True,TR_000975,L3,LEAD
TASK_000324,RES_0006,L3,1,True,TR_000976,L3,SUPPORT
TASK_000324,RES_0015,L3,1,True,TR_000977,L3,SUPPORT
TASK_000325,RES_0004,L1,1,True,TR_000978,L1,TECHNICIAN
TASK_000326,RES_0029,L1,1,True,TR_000979,L1,LEAD
TASK_000326,RES_0023,L3,1,True,TR_000980,L3,SUPPORT
TASK_000326,RES_0026,L1,1,True,TR_000981,L1,TECHNICIAN
TASK_000327,RES_0015,L3,1,True,TR_000982,L3,LEAD
TASK_000327,RES_0027,L2,1,False,TR_000983,L2,LEAD
TASK_000327,RES_0018,L3,1,True,TR_000984,L3,SUPPORT
TASK_000328,RES_0004,L1,1,True,TR_000985,L1,SUPPORT
TASK_000328,RES_0010,L3,1,True,TR_000986,L3,SUPPORT
TASK_000328,RES_0007,L1,1,False,TR_000987,L1,TECHNICIAN
TASK_000329,RES_0006,L3,1,True,TR_000988,L3,SUPPORT
TASK_000329,RES_0009,L3,1,True,TR_000989,L3,TECHNICIAN
TASK_000329,RES_0018,L3,1,True,TR_000990,L3,LEAD
TASK_000330,RES_0013,L1,1,True,TR_000991,L1,TECHNICIAN
TASK_000330,RES_0004,L1,1,True,TR_000992,L1,TECHNICIAN
TASK_000330,RES_0016,L2,1,False,TR_000993,L2,LEAD
TASK_000331,RES_0017,L3,1,True,TR_000994,L3,SUPPORT
TASK_000331,RES_0020,L1,1,True,TR_000995,L1,TECHNICIAN
TASK_000331,RES_0011,L1,1,True,TR_000996,L1,TECHNICIAN
TASK_000332,RES_0009,L3,1,True,TR_000997,L3,LEAD
TASK_000332,RES_0015,L3,1,True,TR_000998,L3,SUPPORT
TASK_000332,RES_0012,L1,1,True,TR_000999,L1,LEAD
TASK_000333,RES_0001,L3,1,True,TR_001000,L3,SUPPORT
TASK_000333,RES_0004,L1,1,False,TR_001001,L1,LEAD
TASK_000333,RES_0007,L1,1,True,TR_001002,L1,SUPPORT
TASK_000334,RES_0023,L3,1,True,TR_001003,L3,SUPPORT
TASK_000334,RES_0017,L3,1,False,TR_001004,L3,SUPPORT
TASK_000335,RES_0021,L1,1,True,TR_001005,L1,SUPPORT
TASK_000335,RES_0006,L3,1,True,TR_001006,L3,TECHNICIAN
TASK_000335,RES_0030,L3,1,True,TR_001007,L3,TECHNICIAN
TASK_000336,RES_0029,L1,1,True,TR_001008,L1,SUPPORT
TASK_000336,RES_0008,L1,1,True,TR_001009,L1,LEAD
TASK_000336,RES_0014,L1,1,True,TR_001010,L1,SUPPORT
TASK_000337,RES_0006,L3,1,True,TR_001011,L3,SUPPORT
TASK_000337,RES_0009,L3,1,False,TR_001012,L3,TECHNICIAN
TASK_000337,RES_0030,L3,1,True,TR_001013,L3,LEAD
TASK_000338,RES_0025,L2,1,False,TR_001014,L2,LEAD
TASK_000338,RES_0001,L3,1,True,TR_001015,L3,TECHNICIAN
TASK_000338,RES_0016,L2,1,True,TR_001016,L2,TECHNICIAN
TASK_000339,RES_0029,L1,1,True,TR_001017,L1,TECHNICIAN
TASK_000339,RES_0008,L1,1,True,TR_001018,L1,TECHNICIAN
TASK_000339,RES_0023,L3,1,False,TR_001019,L3,LEAD
TASK_000340,RES_0015,L3,1,True,TR_001020,L3,LEAD
TASK_000340,RES_0006,L3,1,True,TR_001021,L3,LEAD
TASK_000340,RES_0003,L2,1,True,TR_001022,L2,SUPPORT
TASK_000341,RES_0028,L2,1,True,TR_001023,L2,TECHNICIAN
TASK_000341,RES_0013,L1,1,True,TR_001024,L1,SUPPORT
TASK_000341,RES_0019,L1,1,False,TR_001025,L1,LEAD
TASK_000342,RES_0008,L1,1,True,TR_001026,L1,LEAD
TASK_000342,RES_0020,L1,1,True,TR_001027,L1,LEAD
TASK_000342,RES_0011,L1,1,False,TR_001028,L1,LEAD
TASK_000343,RES_0019,L1,1,True,TR_001029,L1,TECHNICIAN
TASK_000343,RES_0001,L3,1,True,TR_001030,L3,SUPPORT
TASK_000343,RES_0007,L1,1,False,TR_001031,L1,SUPPORT
TASK_000344,RES_0005,L1,1,True,TR_001032,L1,SUPPORT
TASK_000344,RES_0008,L1,1,True,TR_001033,L1,SUPPORT
TASK_000344,RES_0011,L1,1,True,TR_001034,L1,SUPPORT
TASK_000345,RES_0009,L3,1,False,TR_001035,L3,TECHNICIAN
TASK_000345,RES_0003,L2,1,True,TR_001036,L2,LEAD
TASK_000345,RES_0006,L3,1,True,TR_001037,L3,TECHNICIAN
TASK_000346,RES_0019,L1,1,True,TR_001038,L1,SUPPORT
TASK_000346,RES_0001,L3,1,False,TR_001039,L3,TECHNICIAN
TASK_000346,RES_0010,L3,1,True,TR_001040,L3,SUPPORT
TASK_000347,RES_0014,L1,1,True,TR_001041,L1,SUPPORT
TASK_000347,RES_0026,L1,1,True,TR_001042,L1,SUPPORT
TASK_000347,RES_0011,L1,1,True,TR_001043,L1,SUPPORT
TASK_000348,RES_0003,L2,1,True,TR_001044,L2,SUPPORT
TASK_000348,RES_0024,L1,1,False,TR_001045,L1,LEAD
TASK_000348,RES_0009,L3,1,True,TR_001046,L3,LEAD
TASK_000349,RES_0013,L1,1,True,TR_001047,L1,SUPPORT
TASK_000349,RES_0016,L2,1,False,TR_001048,L2,SUPPORT
TASK_000349,RES_0007,L1,1,True,TR_001049,L1,LEAD
TASK_000350,RES_0026,L1,1,True,TR_001050,L1,TECHNICIAN
TASK_000350,RES_0029,L1,1,True,TR_001051,L1,SUPPORT
TASK_000350,RES_0002,L2,1,True,TR_001052,L2,LEAD
TASK_000351,RES_0007,L1,1,True,TR_001053,L1,SUPPORT
TASK_000352,RES_0029,L1,1,True,TR_001054,L1,SUPPORT
TASK_000352,RES_0026,L1,1,True,TR_001055,L1,TECHNICIAN
TASK_000352,RES_0023,L3,1,False,TR_001056,L3,TECHNICIAN
TASK_000353,RES_0024,L1,1,False,TR_001057,L1,TECHNICIAN
TASK_000353,RES_0012,L1,1,True,TR_001058,L1,TECHNICIAN
TASK_000353,RES_0027,L2,1,True,TR_001059,L2,SUPPORT
TASK_000354,RES_0025,L2,1,True,TR_001060,L2,TECHNICIAN
TASK_000354,RES_0028,L2,1,True,TR_001061,L2,SUPPORT
TASK_000354,RES_0019,L1,1,True,TR_001062,L1,SUPPORT
TASK_000355,RES_0011,L1,1,True,TR_001063,L1,TECHNICIAN
TASK_000355,RES_0008,L1,1,True,TR_001064,L1,LEAD
TASK_000355,RES_0029,L1,1,True,TR_001065,L1,TECHNICIAN
TASK_000356,RES_0009,L3,1,True,TR_001066,L3,TECHNICIAN
TASK_000356,RES_0012,L1,1,False,TR_001067,L1,LEAD
TASK_000356,RES_0006,L3,1,True,TR_001068,L3,LEAD
TASK_000357,RES_0001,L3,1,True,TR_001069,L3,LEAD
TASK_000357,RES_0010,L3,1,True,TR_001070,L3,SUPPORT
TASK_000357,RES_0016,L2,1,True,TR_001071,L2,SUPPORT
TASK_000358,RES_0009,L3,1,True,TR_001072,L3,LEAD
TASK_000358,RES_0006,L3,1,True,TR_001073,L3,LEAD
TASK_000358,RES_0021,L1,1,True,TR_001074,L1,SUPPORT
TASK_000359,RES_0016,L2,1,True,TR_001075,L2,SUPPORT
TASK_000359,RES_0019,L1,1,True,TR_001076,L1,SUPPORT
TASK_000359,RES_0022,L2,1,False,TR_001077,L2,TECHNICIAN
TASK_000360,RES_0029,L1,1,True,TR_001078,L1,LEAD
TASK_000360,RES_0017,L3,1,True,TR_001079,L3,SUPPORT
TASK_000360,RES_0023,L3,1,True,TR_001080,L3,SUPPORT
TASK_000361,RES_0030,L3,1,True,TR_001081,L3,SUPPORT
TASK_000361,RES_0024,L1,1,False,TR_001082,L1,TECHNICIAN
TASK_000361,RES_0018,L3,1,True,TR_001083,L3,TECHNICIAN
TASK_000362,RES_0025,L2,1,True,TR_001084,L2,TECHNICIAN
TASK_000362,RES_0001,L3,1,True,TR_001085,L3,SUPPORT
TASK_000362,RES_0004,L1,1,True,TR_001086,L1,SUPPORT
TASK_000362,RES_0028,L2,1,True,TR_001087,L2,LEAD
TASK_000362,RES_0019,L1,1,True,TR_001088,L1,LEAD
TASK_000363,RES_0014,L1,1,True,TR_001089,L1,SUPPORT
TASK_000363,RES_0005,L1,1,True,TR_001090,L1,LEAD
TASK_000363,RES_0011,L1,1,True,TR_001091,L1,SUPPORT
TASK_000364,RES_0027,L2,1,True,TR_001092,L2,LEAD
TASK_000364,RES_0024,L1,1,True,TR_001093,L1,LEAD
TASK_000364,RES_0018,L3,1,False,TR_001094,L3,SUPPORT
TASK_000365,RES_0008,L1,1,True,TR_001095,L1,TECHNICIAN
TASK_000365,RES_0005,L1,1,False,TR_001096,L1,TECHNICIAN
TASK_000365,RES_0023,L3,1,True,TR_001097,L3,LEAD
TASK_000366,RES_0015,L3,1,False,TR_001098,L3,LEAD
TASK_000366,RES_0009,L3,1,True,TR_001099,L3,LEAD
TASK_000366,RES_0003,L2,1,True,TR_001100,L2,TECHNICIAN
TASK_000367,RES_0013,L1,1,False,TR_001101,L1,LEAD
TASK_000367,RES_0016,L2,1,True,TR_001102,L2,SUPPORT
TASK_000367,RES_0007,L1,1,True,TR_001103,L1,LEAD
TASK_000367,RES_0010,L3,1,True,TR_001104,L3,TECHNICIAN
TASK_000367,RES_0025,L2,1,True,TR_001105,L2,SUPPORT
TASK_000368,RES_0002,L2,1,True,TR_001106,L2,TECHNICIAN
TASK_000368,RES_0011,L1,1,True,TR_001107,L1,TECHNICIAN
TASK_000369,RES_0012,L1,1,True,TR_001108,L1,LEAD
TASK_000369,RES_0030,L3,1,True,TR_001109,L3,LEAD
TASK_000369,RES_0018,L3,1,False,TR_001110,L3,TECHNICIAN
TASK_000370,RES_0022,L2,1,False,TR_001111,L2,TECHNICIAN
TASK_000370,RES_0016,L2,1,True,TR_001112,L2,LEAD
TASK_000370,RES_0028,L2,1,False,TR_001113,L2,TECHNICIAN
TASK_000371,RES_0008,L1,1,True,TR_001114,L1,LEAD
TASK_000371,RES_0023,L3,1,True,TR_001115,L3,TECHNICIAN
TASK_000371,RES_0002,L2,1,False,TR_001116,L2,LEAD
TASK_000372,RES_0016,L2,1,True,TR_001117,L2,LEAD
TASK_000372,RES_0025,L2,1,False,TR_001118,L2,TECHNICIAN
TASK_000372,RES_0028,L2,1,True,TR_001119,L2,SUPPORT
TASK_000373,RES_0017,L3,1,True,TR_001120,L3,LEAD
TASK_000373,RES_0023,L3,1,False,TR_001121,L3,TECHNICIAN
TASK_000373,RES_0005,L1,1,True,TR_001122,L1,SUPPORT
TASK_000374,RES_0009,L3,1,True,TR_001123,L3,TECHNICIAN
TASK_000374,RES_0024,L1,1,True,TR_001124,L1,TECHNICIAN
TASK_000374,RES_0012,L1,1,False,TR_001125,L1,TECHNICIAN
TASK_000374,RES_0030,L3,1,True,TR_001126,L3,LEAD
TASK_000375,RES_0007,L1,1,True,TR_001127,L1,SUPPORT
TASK_000376,RES_0026,L1,1,True,TR_001128,L1,SUPPORT
TASK_000376,RES_0017,L3,1,True,TR_001129,L3,TECHNICIAN
TASK_000376,RES_0011,L1,1,True,TR_001130,L1,TECHNICIAN
TASK_000376,RES_0023,L3,1,False,TR_001131,L3,TECHNICIAN
TASK_000376,RES_0029,L1,1,True,TR_001132,L1,SUPPORT
TASK_000377,RES_0012,L1,1,True,TR_001133,L1,TECHNICIAN
TASK_000377,RES_0027,L2,1,True,TR_001134,L2,SUPPORT
TASK_000377,RES_0006,L3,1,True,TR_001135,L3,LEAD
TASK_000378,RES_0016,L2,1,True,TR_001136,L2,LEAD
TASK_000378,RES_0004,L1,1,True,TR_001137,L1,LEAD
TASK_000378,RES_0001,L3,1,False,TR_001138,L3,TECHNICIAN
TASK_000379,RES_0027,L2,1,True,TR_001139,L2,TECHNICIAN
TASK_000379,RES_0006,L3,1,True,TR_001140,L3,SUPPORT
TASK_000379,RES_0030,L3,1,False,TR_001141,L3,TECHNICIAN
TASK_000380,RES_0022,L2,1,True,TR_001142,L2,SUPPORT
TASK_000380,RES_0007,L1,1,False,TR_001143,L1,LEAD
TASK_000380,RES_0004,L1,1,True,TR_001144,L1,LEAD
TASK_000381,RES_0017,L3,1,False,TR_001145,L3,TECHNICIAN
TASK_000381,RES_0005,L1,1,False,TR_001146,L1,SUPPORT
TASK_000381,RES_0002,L2,1,True,TR_001147,L2,SUPPORT
TASK_000382,RES_0030,L3,1,True,TR_001148,L3,LEAD
TASK_000382,RES_0021,L1,1,True,TR_001149,L1,LEAD
TASK_000382,RES_0006,L3,1,False,TR_001150,L3,SUPPORT
TASK_000383,RES_0010,L3,1,True,TR_001151,L3,SUPPORT
TASK_000383,RES_0028,L2,1,True,TR_001152,L2,SUPPORT
TASK_000383,RES_0013,L1,1,True,TR_001153,L1,LEAD
TASK_000384,RES_0014,L1,1,True,TR_001154,L1,LEAD
TASK_000384,RES_0017,L3,1,True,TR_001155,L3,TECHNICIAN
TASK_000384,RES_0005,L1,1,True,TR_001156,L1,SUPPORT
TASK_000385,RES_0021,L1,1,True,TR_001157,L1,LEAD
TASK_000385,RES_0018,L3,1,True,TR_001158,L3,TECHNICIAN
TASK_000385,RES_0027,L2,1,True,TR_001159,L2,TECHNICIAN
TASK_000386,RES_0008,L1,1,True,TR_001160,L1,TECHNICIAN
TASK_000386,RES_0011,L1,1,True,TR_001161,L1,TECHNICIAN
TASK_000386,RES_0002,L2,1,True,TR_001162,L2,TECHNICIAN
TASK_000387,RES_0006,L3,1,False,TR_001163,L3,TECHNICIAN
TASK_000387,RES_0030,L3,1,True,TR_001164,L3,TECHNICIAN
TASK_000387,RES_0009,L3,1,True,TR_001165,L3,LEAD
TASK_000388,RES_0025,L2,1,True,TR_001166,L2,SUPPORT
TASK_000388,RES_0004,L1,1,True,TR_001167,L1,LEAD
TASK_000388,RES_0022,L2,1,True,TR_001168,L2,TECHNICIAN
TASK_000389,RES_0026,L1,1,True,TR_001169,L1,LEAD
TASK_000389,RES_0017,L3,1,True,TR_001170,L3,TECHNICIAN
TASK_000389,RES_0011,L1,1,True,TR_001171,L1,LEAD
TASK_000390,RES_0024,L1,1,True,TR_001172,L1,LEAD
TASK_000390,RES_0021,L1,1,True,TR_001173,L1,SUPPORT
TASK_000390,RES_0006,L3,1,True,TR_001174,L3,LEAD
TASK_000391,RES_0025,L2,1,True,TR_001175,L2,TECHNICIAN
TASK_000391,RES_0010,L3,1,True,TR_001176,L3,TECHNICIAN
TASK_000391,RES_0022,L2,1,True,TR_001177,L2,LEAD
TASK_000392,RES_0014,L1,1,True,TR_001178,L1,SUPPORT
TASK_000392,RES_0029,L1,1,True,TR_001179,L1,SUPPORT
TASK_000392,RES_0023,L3,1,False,TR_001180,L3,SUPPORT
TASK_000393,RES_0004,L1,1,True,TR_001181,L1,LEAD
TASK_000393,RES_0025,L2,1,True,TR_001182,L2,SUPPORT
TASK_000393,RES_0016,L2,1,True,TR_001183,L2,TECHNICIAN
TASK_000394,RES_0026,L1,1,True,TR_001184,L1,LEAD
TASK_000394,RES_0020,L1,1,True,TR_001185,L1,LEAD
TASK_000394,RES_0002,L2,1,True,TR_001186,L2,SUPPORT
TASK_000395,RES_0027,L2,1,True,TR_001187,L2,SUPPORT
TASK_000395,RES_0021,L1,1,True,TR_001188,L1,TECHNICIAN
TASK_000395,RES_0006,L3,1,True,TR_001189,L3,LEAD
TASK_000396,RES_0019,L1,1,True,TR_001190,L1,TECHNICIAN
TASK_000396,RES_0016,L2,1,True,TR_001191,L2,LEAD
TASK_000396,RES_0004,L1,1,True,TR_001192,L1,SUPPORT
TASK_000397,RES_0011,L1,1,True,TR_001193,L1,TECHNICIAN
TASK_000397,RES_0029,L1,1,True,TR_001194,L1,SUPPORT
TASK_000397,RES_0005,L1,1,True,TR_001195,L1,TECHNICIAN
TASK_000398,RES_0021,L1,1,False,TR_001196,L1,TECHNICIAN
TASK_000398,RES_0027,L2,1,True,TR_001197,L2,SUPPORT
TASK_000398,RES_0018,L3,1,True,TR_001198,L3,SUPPORT
TASK_000399,RES_0019,L1,1,False,TR_001199,L1,LEAD
TASK_000399,RES_0016,L2,1,True,TR_001200,L2,TECHNICIAN
TASK_000399,RES_0004,L1,1,True,TR_001201,L1,TECHNICIAN
TASK_000400,RES_0023,L3,1,True,TR_001202,L3,SUPPORT
TASK_000400,RES_0020,L1,1,True,TR_001203,L1,SUPPORT
TASK_000400,RES_0026,L1,1,True,TR_001204,L1,LEAD
TASK_000401,RES_0004,L1,1,True,TR_001205,L1,LEAD
TASK_000401,RES_0028,L2,1,True,TR_001206,L2,LEAD
TASK_000401,RES_0001,L3,1,True,TR_001207,L3,TECHNICIAN
TASK_000402,RES_0008,L1,1,True,TR_001208,L1,TECHNICIAN
TASK_000402,RES_0017,L3,1,False,TR_001209,L3,LEAD
TASK_000402,RES_0005,L1,1,True,TR_001210,L1,TECHNICIAN
TASK_000403,RES_0012,L1,1,True,TR_001211,L1,TECHNICIAN
TASK_000403,RES_0015,L3,1,False,TR_001212,L3,SUPPORT
TASK_000403,RES_0003,L2,1,True,TR_001213,L2,LEAD
TASK_000404,RES_0025,L2,1,True,TR_001214,L2,LEAD
TASK_000404,RES_0001,L3,1,False,TR_001215,L3,TECHNICIAN
TASK_000404,RES_0016,L2,1,False,TR_001216,L2,LEAD
TASK_000405,RES_0005,L1,1,True,TR_001217,L1,LEAD
TASK_000405,RES_0011,L1,1,True,TR_001218,L1,LEAD
TASK_000405,RES_0008,L1,1,True,TR_001219,L1,TECHNICIAN
TASK_000406,RES_0018,L3,1,True,TR_001220,L3,SUPPORT
TASK_000406,RES_0012,L1,1,True,TR_001221,L1,TECHNICIAN
TASK_000406,RES_0027,L2,1,True,TR_001222,L2,TECHNICIAN
TASK_000407,RES_0016,L2,1,True,TR_001223,L2,TECHNICIAN
TASK_000407,RES_0028,L2,1,True,TR_001224,L2,TECHNICIAN
TASK_000407,RES_0004,L1,1,True,TR_001225,L1,TECHNICIAN
TASK_000408,RES_0006,L3,1,False,TR_001226,L3,SUPPORT
TASK_000408,RES_0030,L3,1,False,TR_001227,L3,SUPPORT
TASK_000408,RES_0009,L3,1,True,TR_001228,L3,LEAD
TASK_000409,RES_0019,L1,1,False,TR_001229,L1,LEAD
TASK_000409,RES_0010,L3,1,True,TR_001230,L3,LEAD
TASK_000409,RES_0004,L1,1,True,TR_001231,L1,TECHNICIAN
TASK_000410,RES_0011,L1,1,False,TR_001232,L1,SUPPORT
TASK_000410,RES_0020,L1,1,True,TR_001233,L1,LEAD
TASK_000410,RES_0026,L1,1,True,TR_001234,L1,SUPPORT
TASK_000411,RES_0006,L3,1,True,TR_001235,L3,SUPPORT
TASK_000411,RES_0009,L3,1,True,TR_001236,L3,SUPPORT
TASK_000411,RES_0015,L3,1,True,TR_001237,L3,TECHNICIAN
TASK_000412,RES_0019,L1,1,False,TR_001238,L1,TECHNICIAN
TASK_000412,RES_0016,L2,1,True,TR_001239,L2,SUPPORT
TASK_000412,RES_0004,L1,1,True,TR_001240,L1,LEAD
TASK_000413,RES_0005,L1,1,False,TR_001241,L1,SUPPORT
TASK_000413,RES_0002,L2,1,True,TR_001242,L2,LEAD
TASK_000413,RES_0023,L3,1,True,TR_001243,L3,SUPPORT
TASK_000414,RES_0003,L2,1,False,TR_001244,L2,SUPPORT
TASK_000414,RES_0018,L3,1,False,TR_001245,L3,TECHNICIAN
TASK_000414,RES_0027,L2,1,True,TR_001246,L2,LEAD
TASK_000415,RES_0023,L3,1,True,TR_001247,L3,SUPPORT
TASK_000415,RES_0008,L1,1,True,TR_001248,L1,SUPPORT
TASK_000415,RES_0020,L1,1,True,TR_001249,L1,SUPPORT
TASK_000416,RES_0030,L3,1,True,TR_001250,L3,TECHNICIAN
TASK_000416,RES_0027,L2,1,True,TR_001251,L2,SUPPORT
TASK_000416,RES_0006,L3,1,True,TR_001252,L3,LEAD
TASK_000417,RES_0010,L3,1,False,TR_001253,L3,SUPPORT
TASK_000417,RES_0004,L1,1,False,TR_001254,L1,SUPPORT
TASK_000417,RES_0016,L2,1,True,TR_001255,L2,TECHNICIAN
TASK_000418,RES_0008,L1,1,True,TR_001256,L1,TECHNICIAN
TASK_000418,RES_0011,L1,1,True,TR_001257,L1,SUPPORT
TASK_000418,RES_0017,L3,1,True,TR_001258,L3,LEAD
TASK_000419,RES_0027,L2,1,False,TR_001259,L2,SUPPORT
TASK_000419,RES_0021,L1,1,True,TR_001260,L1,TECHNICIAN
TASK_000419,RES_0030,L3,1,True,TR_001261,L3,LEAD
TASK_000420,RES_0001,L3,1,False,TR_001262,L3,SUPPORT
TASK_000420,RES_0019,L1,1,False,TR_001263,L1,TECHNICIAN
TASK_000420,RES_0025,L2,1,True,TR_001264,L2,TECHNICIAN
TASK_000421,RES_0020,L1,1,False,TR_001265,L1,SUPPORT
TASK_000421,RES_0023,L3,1,True,TR_001266,L3,LEAD
TASK_000421,RES_0002,L2,1,True,TR_001267,L2,TECHNICIAN
TASK_000422,RES_0001,L3,1,True,TR_001268,L3,LEAD
TASK_000422,RES_0004,L1,1,True,TR_001269,L1,LEAD
TASK_000422,RES_0019,L1,1,True,TR_001270,L1,SUPPORT
TASK_000423,RES_0029,L1,1,True,TR_001271,L1,TECHNICIAN
TASK_000423,RES_0002,L2,1,True,TR_001272,L2,SUPPORT
TASK_000423,RES_0017,L3,1,True,TR_001273,L3,SUPPORT
TASK_000424,RES_0012,L1,1,True,TR_001274,L1,SUPPORT
TASK_000424,RES_0027,L2,1,True,TR_001275,L2,LEAD
TASK_000424,RES_0006,L3,1,True,TR_001276,L3,SUPPORT
TASK_000425,RES_0001,L3,1,False,TR_001277,L3,SUPPORT
TASK_000425,RES_0022,L2,1,True,TR_001278,L2,SUPPORT
TASK_000425,RES_0004,L1,1,True,TR_001279,L1,LEAD
TASK_000426,RES_0017,L3,1,True,TR_001280,L3,TECHNICIAN
TASK_000426,RES_0026,L1,1,True,TR_001281,L1,LEAD
TASK_000426,RES_0029,L1,1,True,TR_001282,L1,LEAD
TASK_000426,RES_0023,L3,1,True,TR_001283,L3,TECHNICIAN
TASK_000426,RES_0020,L1,1,True,TR_001284,L1,SUPPORT
TASK_000427,RES_0021,L1,1,True,TR_001285,L1,LEAD
TASK_000427,RES_0030,L3,1,True,TR_001286,L3,LEAD
TASK_000427,RES_0024,L1,1,True,TR_001287,L1,SUPPORT
TASK_000428,RES_0004,L1,1,True,TR_001288,L1,LEAD
TASK_000428,RES_0016,L2,1,False,TR_001289,L2,LEAD
TASK_000428,RES_0001,L3,1,True,TR_001290,L3,LEAD
TASK_000429,RES_0003,L2,1,True,TR_001291,L2,SUPPORT
TASK_000429,RES_0009,L3,1,True,TR_001292,L3,SUPPORT
TASK_000429,RES_0006,L3,1,True,TR_001293,L3,TECHNICIAN
TASK_000429,RES_0030,L3,1,False,TR_001294,L3,LEAD
TASK_000430,RES_0001,L3,1,True,TR_001295,L3,LEAD
TASK_000430,RES_0010,L3,1,True,TR_001296,L3,SUPPORT
TASK_000430,RES_0019,L1,1,True,TR_001297,L1,SUPPORT
TASK_000431,RES_0020,L1,1,False,TR_001298,L1,LEAD
TASK_000431,RES_0008,L1,1,True,TR_001299,L1,SUPPORT
TASK_000431,RES_0014,L1,1,True,TR_001300,L1,SUPPORT
TASK_000432,RES_0015,L3,1,True,TR_001301,L3,SUPPORT
TASK_000432,RES_0009,L3,1,True,TR_001302,L3,TECHNICIAN
TASK_000432,RES_0006,L3,1,True,TR_001303,L3,SUPPORT
TASK_000433,RES_0019,L1,1,True,TR_001304,L1,SUPPORT
TASK_000433,RES_0016,L2,1,False,TR_001305,L2,LEAD
TASK_000433,RES_0001,L3,1,False,TR_001306,L3,TECHNICIAN
TASK_000434,RES_0011,L1,1,True,TR_001307,L1,LEAD
TASK_000434,RES_0029,L1,1,True,TR_001308,L1,TECHNICIAN
TASK_000434,RES_0017,L3,1,False,TR_001309,L3,TECHNICIAN
TASK_000435,RES_0006,L3,1,True,TR_001310,L3,LEAD
TASK_000435,RES_0003,L2,1,True,TR_001311,L2,SUPPORT
TASK_000435,RES_0012,L1,1,True,TR_001312,L1,SUPPORT
TASK_000436,RES_0014,L1,1,True,TR_001313,L1,SUPPORT
TASK_000436,RES_0023,L3,1,False,TR_001314,L3,TECHNICIAN
TASK_000436,RES_0017,L3,1,False,TR_001315,L3,TECHNICIAN
TASK_000437,RES_0021,L1,1,True,TR_001316,L1,LEAD
TASK_000437,RES_0018,L3,1,True,TR_001317,L3,SUPPORT
TASK_000437,RES_0012,L1,1,True,TR_001318,L1,LEAD
TASK_000438,RES_0004,L1,1,True,TR_001319,L1,LEAD
TASK_000438,RES_0007,L1,1,True,TR_001320,L1,SUPPORT
TASK_000438,RES_0019,L1,1,True,TR_001321,L1,LEAD
TASK_000439,RES_0017,L3,1,True,TR_001322,L3,SUPPORT
TASK_000439,RES_0011,L1,1,True,TR_001323,L1,SUPPORT
TASK_000439,RES_0020,L1,1,True,TR_001324,L1,LEAD
TASK_000440,RES_0027,L2,1,True,TR_001325,L2,LEAD
TASK_000440,RES_0030,L3,1,True,TR_001326,L3,TECHNICIAN
TASK_000440,RES_0012,L1,1,True,TR_001327,L1,LEAD
TASK_000441,RES_0004,L1,1,True,TR_001328,L1,TECHNICIAN
TASK_000441,RES_0016,L2,1,True,TR_001329,L2,SUPPORT
TASK_000441,RES_0022,L2,1,True,TR_001330,L2,SUPPORT
TASK_000442,RES_0026,L1,1,True,TR_001331,L1,LEAD
TASK_000442,RES_0005,L1,1,True,TR_001332,L1,SUPPORT
TASK_000442,RES_0002,L2,1,True,TR_001333,L2,LEAD
TASK_000443,RES_0013,L1,1,True,TR_001334,L1,LEAD
TASK_000443,RES_0022,L2,1,True,TR_001335,L2,TECHNICIAN
TASK_000443,RES_0019,L1,1,True,TR_001336,L1,SUPPORT
TASK_000444,RES_0017,L3,1,True,TR_001337,L3,SUPPORT
TASK_000444,RES_0023,L3,1,True,TR_001338,L3,LEAD
TASK_000444,RES_0008,L1,1,True,TR_001339,L1,TECHNICIAN
TASK_000445,RES_0009,L3,1,True,TR_001340,L3,TECHNICIAN
TASK_000445,RES_0003,L2,1,True,TR_001341,L2,TECHNICIAN
TASK_000445,RES_0015,L3,1,False,TR_001342,L3,LEAD
TASK_000446,RES_0007,L1,1,False,TR_001343,L1,SUPPORT
TASK_000446,RES_0025,L2,1,True,TR_001344,L2,LEAD
TASK_000446,RES_0013,L1,1,True,TR_001345,L1,SUPPORT
TASK_000447,RES_0020,L1,1,True,TR_001346,L1,TECHNICIAN
TASK_000447,RES_0023,L3,1,False,TR_001347,L3,LEAD
TASK_000447,RES_0026,L1,1,True,TR_001348,L1,LEAD
TASK_000448,RES_0018,L3,1,True,TR_001349,L3,TECHNICIAN
TASK_000448,RES_0003,L2,1,True,TR_001350,L2,TECHNICIAN
TASK_000449,RES_0004,L1,1,False,TR_001351,L1,SUPPORT
TASK_000449,RES_0019,L1,1,False,TR_001352,L1,SUPPORT
TASK_000449,RES_0025,L2,1,True,TR_001353,L2,LEAD
TASK_000450,RES_0008,L1,1,True,TR_001354,L1,TECHNICIAN
TASK_000450,RES_0011,L1,1,True,TR_001355,L1,LEAD
TASK_000450,RES_0029,L1,1,True,TR_001356,L1,LEAD
TASK_000451,RES_0004,L1,1,True,TR_001357,L1,SUPPORT
TASK_000451,RES_0028,L2,1,True,TR_001358,L2,TECHNICIAN
TASK_000451,RES_0025,L2,1,True,TR_001359,L2,TECHNICIAN
TASK_000452,RES_0011,L1,1,False,TR_001360,L1,TECHNICIAN
TASK_000452,RES_0029,L1,1,True,TR_001361,L1,LEAD
TASK_000452,RES_0005,L1,1,True,TR_001362,L1,TECHNICIAN
TASK_000453,RES_0027,L2,1,False,TR_001363,L2,SUPPORT
TASK_000453,RES_0009,L3,1,True,TR_001364,L3,SUPPORT
TASK_000453,RES_0018,L3,1,False,TR_001365,L3,TECHNICIAN
TASK_000454,RES_0004,L1,1,True,TR_001366,L1,SUPPORT
TASK_000454,RES_0001,L3,1,False,TR_001367,L3,TECHNICIAN
TASK_000454,RES_0028,L2,1,True,TR_001368,L2,TECHNICIAN
TASK_000455,RES_0002,L2,1,True,TR_001369,L2,TECHNICIAN
TASK_000455,RES_0023,L3,1,True,TR_001370,L3,SUPPORT
TASK_000455,RES_0011,L1,1,True,TR_001371,L1,LEAD
TASK_000456,RES_0024,L1,1,True,TR_001372,L1,TECHNICIAN
TASK_000457,RES_0019,L1,1,True,TR_001373,L1,TECHNICIAN
TASK_000457,RES_0022,L2,1,True,TR_001374,L2,LEAD
TASK_000457,RES_0004,L1,1,True,TR_001375,L1,LEAD
TASK_000458,RES_0030,L3,1,True,TR_001376,L3,LEAD
TASK_000458,RES_0024,L1,1,True,TR_001377,L1,TECHNICIAN
TASK_000458,RES_0015,L3,1,True,TR_001378,L3,LEAD
TASK_000459,RES_0016,L2,1,False,TR_001379,L2,TECHNICIAN
TASK_000459,RES_0004,L1,1,True,TR_001380,L1,TECHNICIAN
TASK_000459,RES_0025,L2,1,True,TR_001381,L2,LEAD
TASK_000459,RES_0007,L1,1,True,TR_001382,L1,LEAD
TASK_000459,RES_0019,L1,1,True,TR_001383,L1,LEAD
TASK_000460,RES_0017,L3,1,True,TR_001384,L3,LEAD
TASK_000460,RES_0008,L1,1,True,TR_001385,L1,TECHNICIAN
TASK_000461,RES_0012,L1,1,False,TR_001386,L1,TECHNICIAN
TASK_000461,RES_0027,L2,1,True,TR_001387,L2,LEAD
TASK_000461,RES_0009,L3,1,True,TR_001388,L3,TECHNICIAN
TASK_000462,RES_0010,L3,1,True,TR_001389,L3,TECHNICIAN
TASK_000462,RES_0001,L3,1,False,TR_001390,L3,SUPPORT
TASK_000462,RES_0007,L1,1,False,TR_001391,L1,LEAD
TASK_000463,RES_0020,L1,1,False,TR_001392,L1,SUPPORT
TASK_000463,RES_0011,L1,1,True,TR_001393,L1,LEAD
TASK_000463,RES_0005,L1,1,False,TR_001394,L1,LEAD
TASK_000464,RES_0012,L1,1,False,TR_001395,L1,SUPPORT
TASK_000464,RES_0003,L2,1,True,TR_001396,L2,LEAD
TASK_000464,RES_0024,L1,1,True,TR_001397,L1,LEAD
TASK_000465,RES_0011,L1,1,True,TR_001398,L1,LEAD
TASK_000465,RES_0014,L1,1,True,TR_001399,L1,SUPPORT
TASK_000465,RES_0017,L3,1,True,TR_001400,L3,TECHNICIAN
TASK_000466,RES_0006,L3,1,False,TR_001401,L3,SUPPORT
TASK_000466,RES_0009,L3,1,True,TR_001402,L3,TECHNICIAN
TASK_000466,RES_0021,L1,1,False,TR_001403,L1,TECHNICIAN
TASK_000467,RES_0025,L2,1,True,TR_001404,L2,SUPPORT
TASK_000467,RES_0007,L1,1,True,TR_001405,L1,SUPPORT
TASK_000467,RES_0022,L2,1,True,TR_001406,L2,LEAD
TASK_000468,RES_0017,L3,1,True,TR_001407,L3,LEAD
TASK_000468,RES_0005,L1,1,True,TR_001408,L1,TECHNICIAN
TASK_000468,RES_0020,L1,1,True,TR_001409,L1,LEAD
TASK_000469,RES_0018,L3,1,True,TR_001410,L3,TECHNICIAN
TASK_000469,RES_0009,L3,1,True,TR_001411,L3,SUPPORT
TASK_000469,RES_0012,L1,1,True,TR_001412,L1,LEAD
TASK_000470,RES_0025,L2,1,True,TR_001413,L2,SUPPORT
TASK_000470,RES_0010,L3,1,True,TR_001414,L3,LEAD
TASK_000470,RES_0022,L2,1,True,TR_001415,L2,LEAD
TASK_000471,RES_0014,L1,1,True,TR_001416,L1,TECHNICIAN
TASK_000471,RES_0008,L1,1,True,TR_001417,L1,LEAD
TASK_000471,RES_0020,L1,1,False,TR_001418,L1,TECHNICIAN
TASK_000472,RES_0028,L2,1,True,TR_001419,L2,LEAD
TASK_000472,RES_0010,L3,1,True,TR_001420,L3,TECHNICIAN
TASK_000472,RES_0019,L1,1,True,TR_001421,L1,TECHNICIAN
TASK_000473,RES_0011,L1,1,True,TR_001422,L1,LEAD
TASK_000473,RES_0008,L1,1,True,TR_001423,L1,LEAD
TASK_000473,RES_0020,L1,1,True,TR_001424,L1,LEAD
TASK_000474,RES_0015,L3,1,True,TR_001425,L3,TECHNICIAN
TASK_000474,RES_0003,L2,1,True,TR_001426,L2,TECHNICIAN
TASK_000474,RES_0030,L3,1,True,TR_001427,L3,LEAD
TASK_000475,RES_0025,L2,1,True,TR_001428,L2,SUPPORT
TASK_000475,RES_0010,L3,1,False,TR_001429,L3,TECHNICIAN
TASK_000475,RES_0001,L3,1,True,TR_001430,L3,LEAD
TASK_000475,RES_0028,L2,1,True,TR_001431,L2,TECHNICIAN
TASK_000475,RES_0016,L2,1,True,TR_001432,L2,SUPPORT
TASK_000476,RES_0017,L3,1,False,TR_001433,L3,LEAD
TASK_000476,RES_0026,L1,1,True,TR_001434,L1,SUPPORT
TASK_000476,RES_0023,L3,1,True,TR_001435,L3,LEAD
TASK_000477,RES_0024,L1,1,True,TR_001436,L1,SUPPORT
TASK_000477,RES_0018,L3,1,True,TR_001437,L3,LEAD
TASK_000477,RES_0006,L3,1,True,TR_001438,L3,LEAD
TASK_000477,RES_0009,L3,1,True,TR_001439,L3,TECHNICIAN
TASK_000477,RES_0003,L2,1,False,TR_001440,L2,SUPPORT
TASK_000478,RES_0007,L1,1,True,TR_001441,L1,TECHNICIAN
TASK_000478,RES_0016,L2,1,True,TR_001442,L2,TECHNICIAN
TASK_000478,RES_0010,L3,1,True,TR_001443,L3,SUPPORT
TASK_000479,RES_0006,L3,1,False,TR_001444,L3,TECHNICIAN
TASK_000479,RES_0018,L3,1,True,TR_001445,L3,LEAD
TASK_000479,RES_0024,L1,1,True,TR_001446,L1,TECHNICIAN
TASK_000480,RES_0013,L1,1,True,TR_001447,L1,LEAD
TASK_000480,RES_0004,L1,1,True,TR_001448,L1,SUPPORT
TASK_000480,RES_0022,L2,1,True,TR_001449,L2,LEAD
TASK_000481,RES_0002,L2,1,True,TR_001450,L2,LEAD
TASK_000481,RES_0023,L3,1,True,TR_001451,L3,SUPPORT
TASK_000481,RES_0017,L3,1,True,TR_001452,L3,SUPPORT
TASK_000482,RES_0006,L3,1,True,TR_001453,L3,SUPPORT
TASK_000482,RES_0015,L3,1,False,TR_001454,L3,LEAD
TASK_000482,RES_0030,L3,1,True,TR_001455,L3,TECHNICIAN
TASK_000483,RES_0001,L3,1,True,TR_001456,L3,TECHNICIAN
TASK_000483,RES_0010,L3,1,True,TR_001457,L3,LEAD
TASK_000483,RES_0019,L1,1,True,TR_001458,L1,SUPPORT
TASK_000484,RES_0011,L1,1,True,TR_001459,L1,LEAD
TASK_000484,RES_0023,L3,1,True,TR_001460,L3,LEAD
TASK_000484,RES_0029,L1,1,True,TR_001461,L1,LEAD
TASK_000485,RES_0021,L1,1,True,TR_001462,L1,LEAD
TASK_000485,RES_0012,L1,1,True,TR_001463,L1,TECHNICIAN
TASK_000485,RES_0006,L3,1,False,TR_001464,L3,SUPPORT
TASK_000486,RES_0011,L1,1,True,TR_001465,L1,LEAD
TASK_000486,RES_0005,L1,1,True,TR_001466,L1,LEAD
TASK_000486,RES_0020,L1,1,True,TR_001467,L1,TECHNICIAN
TASK_000487,RES_0024,L1,1,True,TR_001468,L1,SUPPORT
TASK_000487,RES_0030,L3,1,True,TR_001469,L3,TECHNICIAN
TASK_000487,RES_0006,L3,1,True,TR_001470,L3,SUPPORT
TASK_000488,RES_0019,L1,1,True,TR_001471,L1,TECHNICIAN
TASK_000488,RES_0004,L1,1,False,TR_001472,L1,LEAD
TASK_000488,RES_0022,L2,1,True,TR_001473,L2,TECHNICIAN
TASK_000489,RES_0029,L1,1,True,TR_001474,L1,TECHNICIAN
TASK_000489,RES_0023,L3,1,True,TR_001475,L3,TECHNICIAN
TASK_000489,RES_0020,L1,1,True,TR_001476,L1,LEAD
TASK_000490,RES_0009,L3,1,False,TR_001477,L3,LEAD
TASK_000490,RES_0018,L3,1,True,TR_001478,L3,LEAD
TASK_000490,RES_0003,L2,1,False,TR_001479,L2,LEAD
TASK_000491,RES_0010,L3,1,True,TR_001480,L3,SUPPORT
TASK_000491,RES_0019,L1,1,True,TR_001481,L1,TECHNICIAN
TASK_000491,RES_0025,L2,1,True,TR_001482,L2,TECHNICIAN
TASK_000492,RES_0020,L1,1,False,TR_001483,L1,LEAD
TASK_000492,RES_0011,L1,1,True,TR_001484,L1,SUPPORT
TASK_000492,RES_0017,L3,1,True,TR_001485,L3,LEAD
TASK_000493,RES_0019,L1,1,True,TR_001486,L1,LEAD
TASK_000493,RES_0025,L2,1,False,TR_001487,L2,SUPPORT
TASK_000493,RES_0001,L3,1,True,TR_001488,L3,SUPPORT
TASK_000494,RES_0026,L1,1,True,TR_001489,L1,SUPPORT
TASK_000494,RES_0017,L3,1,True,TR_001490,L3,TECHNICIAN
TASK_000494,RES_0005,L1,1,True,TR_001491,L1,SUPPORT
TASK_000495,RES_0009,L3,1,False,TR_001492,L3,LEAD
TASK_000495,RES_0027,L2,1,True,TR_001493,L2,SUPPORT
TASK_000495,RES_0015,L3,1,False,TR_001494,L3,SUPPORT
TASK_000496,RES_0019,L1,1,True,TR_001495,L1,SUPPORT
TASK_000496,RES_0001,L3,1,True,TR_001496,L3,SUPPORT
TASK_000496,RES_0004,L1,1,True,TR_001497,L1,SUPPORT
TASK_000497,RES_0029,L1,1,False,TR_001498,L1,SUPPORT
TASK_000497,RES_0017,L3,1,False,TR_001499,L3,LEAD
TASK_000497,RES_0026,L1,1,True,TR_001500,L1,TECHNICIAN
TASK_000498,RES_0024,L1,1,True,TR_001501,L1,SUPPORT
TASK_000499,RES_0004,L1,1,True,TR_001502,L1,SUPPORT
TASK_000499,RES_0016,L2,1,True,TR_001503,L2,SUPPORT
TASK_000499,RES_0025,L2,1,True,TR_001504,L2,SUPPORT
TASK_000500,RES_0020,L1,1,True,TR_001505,L1,SUPPORT
TASK_000500,RES_0005,L1,1,False,TR_001506,L1,LEAD
TASK_000500,RES_0023,L3,1,True,TR_001507,L3,LEAD
TASK_000001,RES_0001,L3,1,True,TR_001508,L3,LEAD
TASK_000002,RES_0017,L3,1,True,TR_001509,L3,LEAD
