task_id,block_id,required_block_type,minimum_block_duration_min,setup_duration_min,release_duration_min,requires_power_isolation,requires_traffic_block,requires_signal_block
TASK_000001,BLK_0025,TRAFFIC_BLOCK,90,10,5,FALSE,TRUE,FALSE
TASK_000002,BLK_0012,POWER_BLOCK,180,10,5,TRUE,FALSE,FALSE
TASK_000003,BLK_0003,SIGNAL_BLOCK,60,5,5,FALSE,FALSE,TRUE
TASK_000004,BLK_0010,TRAFFIC_BLOCK,180,10,5,FALSE,TRUE,FALSE
TASK_000005,BLK_0012,POWER_BLOCK,180,10,5,TRUE,FALSE,FALSE
TASK_000006,BLK_0003,SIGNAL_BLOCK,60,5,5,FALSE,FALSE,TRUE
TASK_000007,BLK_0013,TRAFFIC_BLOCK,60,5,5,FALSE,TRUE,FALSE
TASK_000008,BLK_0009,SIGNAL_BLOCK,300,10,5,FALSE,FALSE,TRUE
TASK_000009,BLK_0012,TRAFFIC_BLOCK,300,10,5,FALSE,TRUE,FALSE
TASK_000010,BLK_0023,POWER_BLOCK,300,10,5,TRUE,FALSE,FALSE
TASK_000011,BLK_0005,TRAFFIC_BLOCK,60,5,5,FALSE,TRUE,FALSE
TASK_000012,BLK_0012,TRAFFIC_BLOCK,61,5,5,FALSE,TRUE,FALSE
TASK_000013,BLK_0005,POWER_BLOCK,30,5,5,TRUE,FALSE,FALSE
TASK_000014,BLK_0015,SIGNAL_BLOCK,120,10,5,FALSE,FALSE,TRUE
TASK_000015,BLK_0012,POWER_BLOCK,120,10,5,TRUE,FALSE,FALSE
TASK_000016,BLK_0003,SIGNAL_BLOCK,90,10,5,FALSE,FALSE,TRUE
TASK_000017,BLK_0013,TRAFFIC_BLOCK,150,10,5,FALSE,TRUE,FALSE
TASK_000018,BLK_0011,POWER_BLOCK,240,10,5,TRUE,FALSE,FALSE
TASK_000019,BLK_0012,SIGNAL_BLOCK,180,10,5,FALSE,FALSE,TRUE
TASK_000020,BLK_0016,TRAFFIC_BLOCK,180,10,5,FALSE,TRUE,FALSE
TASK_000021,BLK_0014,POWER_BLOCK,120,10,5,TRUE,FALSE,FALSE
TASK_000022,BLK_0012,TRAFFIC_BLOCK,60,5,5,FALSE,TRUE,FALSE
TASK_000023,BLK_0005,POWER_BLOCK,90,10,5,TRUE,FALSE,FALSE
TASK_000024,BLK_0015,SIGNAL_BLOCK,120,10,5,FALSE,FALSE,TRUE
TASK_000025,BLK_0012,TRAFFIC_BLOCK,45,5,5,FALSE,TRUE,FALSE
TASK_000026,BLK_0005,POWER_BLOCK,120,10,5,TRUE,FALSE,FALSE
TASK_000027,BLK_0018,SIGNAL_BLOCK,75,5,5,FALSE,FALSE,TRUE
TASK_000028,BLK_0007,TRAFFIC_BLOCK,240,10,5,FALSE,TRUE,FALSE
TASK_000029,BLK_0012,SIGNAL_BLOCK,150,10,5,FALSE,FALSE,TRUE
TASK_000030,BLK_0016,TRAFFIC_BLOCK,75,5,5,FALSE,TRUE,FALSE
TASK_000031,BLK_0014,POWER_BLOCK,240,10,5,TRUE,FALSE,FALSE
TASK_000032,BLK_0012,SIGNAL_BLOCK,180,10,5,FALSE,FALSE,TRUE
TASK_000033,BLK_0005,TRAFFIC_BLOCK,240,10,5,FALSE,TRUE,FALSE
TASK_000034,BLK_0014,POWER_BLOCK,120,10,5,TRUE,FALSE,FALSE
TASK_000035,BLK_0012,SIGNAL_BLOCK,120,10,5,FALSE,FALSE,TRUE
TASK_000036,BLK_0005,POWER_BLOCK,120,10,5,TRUE,FALSE,FALSE
TASK_000037,BLK_0018,SIGNAL_BLOCK,90,10,5,FALSE,FALSE,TRUE
TASK_000038,BLK_0007,TRAFFIC_BLOCK,60,5,5,FALSE,TRUE,FALSE
TASK_000039,BLK_0012,POWER_BLOCK,150,10,5,TRUE,FALSE,FALSE
TASK_000040,BLK_0021,SIGNAL_BLOCK,90,10,5,FALSE,FALSE,TRUE
TASK_000041,BLK_0025,TRAFFIC_BLOCK,120,10,5,FALSE,TRUE,FALSE
TASK_000042,BLK_0012,POWER_BLOCK,150,10,5,TRUE,FALSE,FALSE
TASK_000043,BLK_0005,TRAFFIC_BLOCK,60,5,5,FALSE,TRUE,FALSE
TASK_000044,BLK_0014,POWER_BLOCK,120,10,5,TRUE,FALSE,FALSE
TASK_000045,BLK_0012,SIGNAL_BLOCK,45,5,5,FALSE,FALSE,TRUE
TASK_000046,BLK_0019,TRAFFIC_BLOCK,120,10,5,FALSE,TRUE,FALSE
TASK_000047,BLK_0017,POWER_BLOCK,45,5,5,TRUE,FALSE,FALSE
TASK_000048,BLK_0009,SIGNAL_BLOCK,180,10,5,FALSE,FALSE,TRUE
TASK_000049,BLK_0012,TRAFFIC_BLOCK,180,10,5,FALSE,TRUE,FALSE
TASK_000050,BLK_0023,POWER_BLOCK,180,10,5,TRUE,FALSE,FALSE
TASK_000051,BLK_0025,TRAFFIC_BLOCK,30,5,5,FALSE,TRUE,FALSE
TASK_000052,BLK_0012,POWER_BLOCK,45,5,5,TRUE,FALSE,FALSE
TASK_000053,BLK_0003,SIGNAL_BLOCK,90,10,5,FALSE,FALSE,TRUE
TASK_000054,BLK_0010,TRAFFIC_BLOCK,150,10,5,FALSE,TRUE,FALSE
TASK_000055,BLK_0012,POWER_BLOCK,180,10,5,TRUE,FALSE,FALSE
TASK_000056,BLK_0003,SIGNAL_BLOCK,75,5,5,FALSE,FALSE,TRUE
TASK_000057,BLK_0013,TRAFFIC_BLOCK,180,10,5,FALSE,TRUE,FALSE
TASK_000058,BLK_0009,SIGNAL_BLOCK,90,10,5,FALSE,FALSE,TRUE
TASK_000059,BLK_0012,TRAFFIC_BLOCK,120,10,5,FALSE,TRUE,FALSE
TASK_000060,BLK_0023,POWER_BLOCK,30,5,5,TRUE,FALSE,FALSE
TASK_000061,BLK_0020,SIGNAL_BLOCK,60,5,5,FALSE,FALSE,TRUE
TASK_000062,BLK_0012,TRAFFIC_BLOCK,90,10,5,FALSE,TRUE,FALSE
TASK_000063,BLK_0005,POWER_BLOCK,30,5,5,TRUE,FALSE,FALSE
TASK_000064,BLK_0015,SIGNAL_BLOCK,30,5,5,FALSE,FALSE,TRUE
TASK_000065,BLK_0012,POWER_BLOCK,90,10,5,TRUE,FALSE,FALSE
TASK_000066,BLK_0003,SIGNAL_BLOCK,120,10,5,FALSE,FALSE,TRUE
TASK_000067,BLK_0013,TRAFFIC_BLOCK,75,5,5,FALSE,TRUE,FALSE
TASK_000068,BLK_0011,POWER_BLOCK,75,5,5,TRUE,FALSE,FALSE
TASK_000069,BLK_0012,SIGNAL_BLOCK,60,5,5,FALSE,FALSE,TRUE
TASK_000070,BLK_0016,TRAFFIC_BLOCK,240,10,5,FALSE,TRUE,FALSE
TASK_000071,BLK_0014,POWER_BLOCK,60,5,5,TRUE,FALSE,FALSE
TASK_000072,BLK_0012,TRAFFIC_BLOCK,45,5,5,FALSE,TRUE,FALSE
TASK_000073,BLK_0005,POWER_BLOCK,90,10,5,TRUE,FALSE,FALSE
TASK_000074,BLK_0015,SIGNAL_BLOCK,60,5,5,FALSE,FALSE,TRUE
TASK_000075,BLK_0012,TRAFFIC_BLOCK,180,10,5,FALSE,TRUE,FALSE
TASK_000076,BLK_0005,POWER_BLOCK,150,10,5,TRUE,FALSE,FALSE
TASK_000077,BLK_0018,SIGNAL_BLOCK,75,5,5,FALSE,FALSE,TRUE
TASK_000078,BLK_0007,TRAFFIC_BLOCK,75,5,5,FALSE,TRUE,FALSE
TASK_000079,BLK_0012,SIGNAL_BLOCK,60,5,5,FALSE,FALSE,TRUE
TASK_000080,BLK_0016,TRAFFIC_BLOCK,90,10,5,FALSE,TRUE,FALSE
TASK_000081,BLK_0014,POWER_BLOCK,75,5,5,TRUE,FALSE,FALSE
TASK_000082,BLK_0012,SIGNAL_BLOCK,240,10,5,FALSE,FALSE,TRUE
TASK_000083,BLK_0005,TRAFFIC_BLOCK,120,10,5,FALSE,TRUE,FALSE
TASK_000084,BLK_0014,POWER_BLOCK,150,10,5,TRUE,FALSE,FALSE
TASK_000085,BLK_0012,SIGNAL_BLOCK,45,5,5,FALSE,FALSE,TRUE
TASK_000086,BLK_0005,POWER_BLOCK,45,5,5,TRUE,FALSE,FALSE
TASK_000087,BLK_0018,SIGNAL_BLOCK,30,5,5,FALSE,FALSE,TRUE
TASK_000088,BLK_0007,TRAFFIC_BLOCK,75,5,5,FALSE,TRUE,FALSE
TASK_000089,BLK_0012,POWER_BLOCK,120,10,5,TRUE,FALSE,FALSE
TASK_000090,BLK_0021,SIGNAL_BLOCK,90,10,5,FALSE,FALSE,TRUE
TASK_000091,BLK_0025,TRAFFIC_BLOCK,180,10,5,FALSE,TRUE,FALSE
TASK_000092,BLK_0012,POWER_BLOCK,60,5,5,TRUE,FALSE,FALSE
TASK_000093,BLK_0005,TRAFFIC_BLOCK,120,10,5,FALSE,TRUE,FALSE
TASK_000094,BLK_0014,POWER_BLOCK,180,10,5,TRUE,FALSE,FALSE
TASK_000095,BLK_0012,SIGNAL_BLOCK,60,5,5,FALSE,FALSE,TRUE
TASK_000096,BLK_0019,TRAFFIC_BLOCK,45,5,5,FALSE,TRUE,FALSE
TASK_000097,BLK_0017,POWER_BLOCK,30,5,5,TRUE,FALSE,FALSE
TASK_000098,BLK_0009,SIGNAL_BLOCK,90,10,5,FALSE,FALSE,TRUE
TASK_000099,BLK_0012,TRAFFIC_BLOCK,180,10,5,FALSE,TRUE,FALSE
TASK_000100,BLK_0023,POWER_BLOCK,30,5,5,TRUE,FALSE,FALSE
TASK_000101,BLK_0025,TRAFFIC_BLOCK,120,10,5,FALSE,TRUE,FALSE
TASK_000102,BLK_0012,POWER_BLOCK,75,5,5,TRUE,FALSE,FALSE
TASK_000103,BLK_0003,SIGNAL_BLOCK,90,10,5,FALSE,FALSE,TRUE
TASK_000104,BLK_0010,TRAFFIC_BLOCK,120,10,5,FALSE,TRUE,FALSE
TASK_000105,BLK_0012,POWER_BLOCK,150,10,5,TRUE,FALSE,FALSE
TASK_000106,BLK_0003,SIGNAL_BLOCK,30,5,5,FALSE,FALSE,TRUE
TASK_000107,BLK_0013,TRAFFIC_BLOCK,60,5,5,FALSE,TRUE,FALSE
TASK_000108,BLK_0009,SIGNAL_BLOCK,60,5,5,FALSE,FALSE,TRUE
TASK_000109,BLK_0012,TRAFFIC_BLOCK,90,10,5,FALSE,TRUE,FALSE
TASK_000110,BLK_0023,POWER_BLOCK,120,10,5,TRUE,FALSE,FALSE
TASK_000111,BLK_0020,SIGNAL_BLOCK,45,5,5,FALSE,FALSE,TRUE
TASK_000112,BLK_0012,TRAFFIC_BLOCK,150,10,5,FALSE,TRUE,FALSE
TASK_000113,BLK_0005,POWER_BLOCK,150,10,5,TRUE,FALSE,FALSE
TASK_000114,BLK_0015,SIGNAL_BLOCK,60,5,5,FALSE,FALSE,TRUE
TASK_000115,BLK_0012,POWER_BLOCK,180,10,5,TRUE,FALSE,FALSE
TASK_000116,BLK_0003,SIGNAL_BLOCK,90,10,5,FALSE,FALSE,TRUE
TASK_000117,BLK_0013,TRAFFIC_BLOCK,240,10,5,FALSE,TRUE,FALSE
TASK_000118,BLK_0011,POWER_BLOCK,150,10,5,TRUE,FALSE,FALSE
TASK_000119,BLK_0012,SIGNAL_BLOCK,30,5,5,FALSE,FALSE,TRUE
TASK_000120,BLK_0016,TRAFFIC_BLOCK,180,10,5,FALSE,TRUE,FALSE
TASK_000121,BLK_0014,POWER_BLOCK,30,5,5,TRUE,FALSE,FALSE
TASK_000122,BLK_0012,TRAFFIC_BLOCK,120,10,5,FALSE,TRUE,FALSE
TASK_000123,BLK_0005,POWER_BLOCK,90,10,5,TRUE,FALSE,FALSE
TASK_000124,BLK_0015,SIGNAL_BLOCK,60,5,5,FALSE,FALSE,TRUE
TASK_000125,BLK_0012,TRAFFIC_BLOCK,45,5,5,FALSE,TRUE,FALSE
TASK_000126,BLK_0005,POWER_BLOCK,150,10,5,TRUE,FALSE,FALSE
TASK_000127,BLK_0018,SIGNAL_BLOCK,120,10,5,FALSE,FALSE,TRUE
TASK_000128,BLK_0007,TRAFFIC_BLOCK,150,10,5,FALSE,TRUE,FALSE
TASK_000129,BLK_0012,SIGNAL_BLOCK,30,5,5,FALSE,FALSE,TRUE
TASK_000130,BLK_0016,TRAFFIC_BLOCK,180,10,5,FALSE,TRUE,FALSE
TASK_000131,BLK_0014,POWER_BLOCK,180,10,5,TRUE,FALSE,FALSE
TASK_000132,BLK_0012,SIGNAL_BLOCK,75,5,5,FALSE,FALSE,TRUE
TASK_000133,BLK_0005,TRAFFIC_BLOCK,60,5,5,FALSE,TRUE,FALSE
TASK_000134,BLK_0014,POWER_BLOCK,150,10,5,TRUE,FALSE,FALSE
TASK_000135,BLK_0012,SIGNAL_BLOCK,75,5,5,FALSE,FALSE,TRUE
TASK_000136,BLK_0005,POWER_BLOCK,30,5,5,TRUE,FALSE,FALSE
TASK_000137,BLK_0018,SIGNAL_BLOCK,45,5,5,FALSE,FALSE,TRUE
TASK_000138,BLK_0007,TRAFFIC_BLOCK,150,10,5,FALSE,TRUE,FALSE
TASK_000139,BLK_0012,POWER_BLOCK,45,5,5,TRUE,FALSE,FALSE
TASK_000140,BLK_0021,SIGNAL_BLOCK,150,10,5,FALSE,FALSE,TRUE
TASK_000141,BLK_0025,TRAFFIC_BLOCK,30,5,5,FALSE,TRUE,FALSE
TASK_000142,BLK_0012,POWER_BLOCK,90,10,5,TRUE,FALSE,FALSE
TASK_000143,BLK_0005,TRAFFIC_BLOCK,45,5,5,FALSE,TRUE,FALSE
TASK_000144,BLK_0014,POWER_BLOCK,240,10,5,TRUE,FALSE,FALSE
TASK_000145,BLK_0012,SIGNAL_BLOCK,75,5,5,FALSE,FALSE,TRUE
TASK_000146,BLK_0019,TRAFFIC_BLOCK,180,10,5,FALSE,TRUE,FALSE
TASK_000147,BLK_0017,POWER_BLOCK,150,10,5,TRUE,FALSE,FALSE
TASK_000148,BLK_0009,SIGNAL_BLOCK,60,5,5,FALSE,FALSE,TRUE
TASK_000149,BLK_0012,TRAFFIC_BLOCK,150,10,5,FALSE,TRUE,FALSE
TASK_000150,BLK_0023,POWER_BLOCK,180,10,5,TRUE,FALSE,FALSE
TASK_000151,BLK_0025,TRAFFIC_BLOCK,150,10,5,FALSE,TRUE,FALSE
TASK_000152,BLK_0012,POWER_BLOCK,240,10,5,TRUE,FALSE,FALSE
TASK_000153,BLK_0003,SIGNAL_BLOCK,75,5,5,FALSE,FALSE,TRUE
TASK_000154,BLK_0010,TRAFFIC_BLOCK,150,10,5,FALSE,TRUE,FALSE
TASK_000155,BLK_0012,POWER_BLOCK,30,5,5,TRUE,FALSE,FALSE
TASK_000156,BLK_0003,SIGNAL_BLOCK,60,5,5,FALSE,FALSE,TRUE
TASK_000157,BLK_0013,TRAFFIC_BLOCK,75,5,5,FALSE,TRUE,FALSE
TASK_000158,BLK_0009,SIGNAL_BLOCK,60,5,5,FALSE,FALSE,TRUE
TASK_000159,BLK_0012,TRAFFIC_BLOCK,120,10,5,FALSE,TRUE,FALSE
TASK_000160,BLK_0023,POWER_BLOCK,60,5,5,TRUE,FALSE,FALSE
TASK_000161,BLK_0020,SIGNAL_BLOCK,90,10,5,FALSE,FALSE,TRUE
TASK_000162,BLK_0012,TRAFFIC_BLOCK,120,10,5,FALSE,TRUE,FALSE
TASK_000163,BLK_0005,POWER_BLOCK,60,5,5,TRUE,FALSE,FALSE
TASK_000164,BLK_0015,SIGNAL_BLOCK,90,10,5,FALSE,FALSE,TRUE
TASK_000165,BLK_0012,POWER_BLOCK,45,5,5,TRUE,FALSE,FALSE
TASK_000166,BLK_0003,SIGNAL_BLOCK,120,10,5,FALSE,FALSE,TRUE
TASK_000167,BLK_0013,TRAFFIC_BLOCK,90,10,5,FALSE,TRUE,FALSE
TASK_000168,BLK_0011,POWER_BLOCK,120,10,5,TRUE,FALSE,FALSE
TASK_000169,BLK_0012,SIGNAL_BLOCK,90,10,5,FALSE,FALSE,TRUE
TASK_000170,BLK_0016,TRAFFIC_BLOCK,75,5,5,FALSE,TRUE,FALSE
TASK_000171,BLK_0014,POWER_BLOCK,45,5,5,TRUE,FALSE,FALSE
TASK_000172,BLK_0012,TRAFFIC_BLOCK,240,10,5,FALSE,TRUE,FALSE
TASK_000173,BLK_0005,POWER_BLOCK,90,10,5,TRUE,FALSE,FALSE
TASK_000174,BLK_0015,SIGNAL_BLOCK,120,10,5,FALSE,FALSE,TRUE
TASK_000175,BLK_0012,TRAFFIC_BLOCK,180,10,5,FALSE,TRUE,FALSE
TASK_000176,BLK_0005,POWER_BLOCK,240,10,5,TRUE,FALSE,FALSE
TASK_000177,BLK_0018,SIGNAL_BLOCK,240,10,5,FALSE,FALSE,TRUE
TASK_000178,BLK_0007,TRAFFIC_BLOCK,90,10,5,FALSE,TRUE,FALSE
TASK_000179,BLK_0012,SIGNAL_BLOCK,30,5,5,FALSE,FALSE,TRUE
TASK_000180,BLK_0016,TRAFFIC_BLOCK,75,5,5,FALSE,TRUE,FALSE
TASK_000181,BLK_0014,POWER_BLOCK,90,10,5,TRUE,FALSE,FALSE
TASK_000182,BLK_0012,SIGNAL_BLOCK,60,5,5,FALSE,FALSE,TRUE
TASK_000183,BLK_0005,TRAFFIC_BLOCK,75,5,5,FALSE,TRUE,FALSE
TASK_000184,BLK_0014,POWER_BLOCK,75,5,5,TRUE,FALSE,FALSE
TASK_000185,BLK_0012,SIGNAL_BLOCK,30,5,5,FALSE,FALSE,TRUE
TASK_000186,BLK_0005,POWER_BLOCK,180,10,5,TRUE,FALSE,FALSE
TASK_000187,BLK_0018,SIGNAL_BLOCK,90,10,5,FALSE,FALSE,TRUE
TASK_000188,BLK_0007,TRAFFIC_BLOCK,60,5,5,FALSE,TRUE,FALSE
TASK_000189,BLK_0012,POWER_BLOCK,30,5,5,TRUE,FALSE,FALSE
TASK_000190,BLK_0021,SIGNAL_BLOCK,240,10,5,FALSE,FALSE,TRUE
TASK_000191,BLK_0025,TRAFFIC_BLOCK,240,10,5,FALSE,TRUE,FALSE
TASK_000192,BLK_0012,POWER_BLOCK,180,10,5,TRUE,FALSE,FALSE
TASK_000193,BLK_0005,TRAFFIC_BLOCK,75,5,5,FALSE,TRUE,FALSE
TASK_000194,BLK_0014,POWER_BLOCK,180,10,5,TRUE,FALSE,FALSE
TASK_000195,BLK_0012,SIGNAL_BLOCK,60,5,5,FALSE,FALSE,TRUE
TASK_000196,BLK_0019,TRAFFIC_BLOCK,90,10,5,FALSE,TRUE,FALSE
TASK_000197,BLK_0017,POWER_BLOCK,240,10,5,TRUE,FALSE,FALSE
TASK_000198,BLK_0009,SIGNAL_BLOCK,60,5,5,FALSE,FALSE,TRUE
TASK_000199,BLK_0012,TRAFFIC_BLOCK,75,5,5,FALSE,TRUE,FALSE
TASK_000200,BLK_0023,POWER_BLOCK,75,5,5,TRUE,FALSE,FALSE
TASK_000201,BLK_0025,TRAFFIC_BLOCK,60,5,5,FALSE,TRUE,FALSE
TASK_000202,BLK_0012,POWER_BLOCK,45,5,5,TRUE,FALSE,FALSE
TASK_000203,BLK_0003,SIGNAL_BLOCK,60,5,5,FALSE,FALSE,TRUE
TASK_000204,BLK_0010,TRAFFIC_BLOCK,180,10,5,FALSE,TRUE,FALSE
TASK_000205,BLK_0012,POWER_BLOCK,240,10,5,TRUE,FALSE,FALSE
TASK_000206,BLK_0003,SIGNAL_BLOCK,150,10,5,FALSE,FALSE,TRUE
TASK_000207,BLK_0013,TRAFFIC_BLOCK,120,10,5,FALSE,TRUE,FALSE
TASK_000208,BLK_0009,SIGNAL_BLOCK,75,5,5,FALSE,FALSE,TRUE
TASK_000209,BLK_0012,TRAFFIC_BLOCK,150,10,5,FALSE,TRUE,FALSE
TASK_000210,BLK_0023,POWER_BLOCK,90,10,5,TRUE,FALSE,FALSE
TASK_000211,BLK_0020,SIGNAL_BLOCK,180,10,5,FALSE,FALSE,TRUE
TASK_000212,BLK_0012,TRAFFIC_BLOCK,240,10,5,FALSE,TRUE,FALSE
TASK_000213,BLK_0005,POWER_BLOCK,240,10,5,TRUE,FALSE,FALSE
TASK_000214,BLK_0015,SIGNAL_BLOCK,60,5,5,FALSE,FALSE,TRUE
TASK_000215,BLK_0012,POWER_BLOCK,75,5,5,TRUE,FALSE,FALSE
TASK_000216,BLK_0003,SIGNAL_BLOCK,240,10,5,FALSE,FALSE,TRUE
TASK_000217,BLK_0013,TRAFFIC_BLOCK,60,5,5,FALSE,TRUE,FALSE
TASK_000218,BLK_0011,POWER_BLOCK,45,5,5,TRUE,FALSE,FALSE
TASK_000219,BLK_0012,SIGNAL_BLOCK,240,10,5,FALSE,FALSE,TRUE
TASK_000220,BLK_0016,TRAFFIC_BLOCK,180,10,5,FALSE,TRUE,FALSE
TASK_000221,BLK_0014,POWER_BLOCK,90,10,5,TRUE,FALSE,FALSE
TASK_000222,BLK_0012,TRAFFIC_BLOCK,240,10,5,FALSE,TRUE,FALSE
TASK_000223,BLK_0005,POWER_BLOCK,180,10,5,TRUE,FALSE,FALSE
TASK_000224,BLK_0015,SIGNAL_BLOCK,90,10,5,FALSE,FALSE,TRUE
TASK_000225,BLK_0012,TRAFFIC_BLOCK,180,10,5,FALSE,TRUE,FALSE
TASK_000226,BLK_0005,POWER_BLOCK,90,10,5,TRUE,FALSE,FALSE
TASK_000227,BLK_0018,SIGNAL_BLOCK,180,10,5,FALSE,FALSE,TRUE
TASK_000228,BLK_0007,TRAFFIC_BLOCK,180,10,5,FALSE,TRUE,FALSE
TASK_000229,BLK_0012,SIGNAL_BLOCK,240,10,5,FALSE,FALSE,TRUE
TASK_000230,BLK_0016,TRAFFIC_BLOCK,120,10,5,FALSE,TRUE,FALSE
TASK_000231,BLK_0014,POWER_BLOCK,75,5,5,TRUE,FALSE,FALSE
TASK_000232,BLK_0012,SIGNAL_BLOCK,60,5,5,FALSE,FALSE,TRUE
TASK_000233,BLK_0005,TRAFFIC_BLOCK,120,10,5,FALSE,TRUE,FALSE
TASK_000234,BLK_0014,POWER_BLOCK,180,10,5,TRUE,FALSE,FALSE
TASK_000235,BLK_0012,SIGNAL_BLOCK,90,10,5,FALSE,FALSE,TRUE
TASK_000236,BLK_0005,POWER_BLOCK,180,10,5,TRUE,FALSE,FALSE
TASK_000237,BLK_0018,SIGNAL_BLOCK,180,10,5,FALSE,FALSE,TRUE
TASK_000238,BLK_0007,TRAFFIC_BLOCK,60,5,5,FALSE,TRUE,FALSE
TASK_000239,BLK_0012,POWER_BLOCK,120,10,5,TRUE,FALSE,FALSE
TASK_000240,BLK_0021,SIGNAL_BLOCK,75,5,5,FALSE,FALSE,TRUE
TASK_000241,BLK_0025,TRAFFIC_BLOCK,120,10,5,FALSE,TRUE,FALSE
TASK_000242,BLK_0012,POWER_BLOCK,90,10,5,TRUE,FALSE,FALSE
TASK_000243,BLK_0005,TRAFFIC_BLOCK,30,5,5,FALSE,TRUE,FALSE
TASK_000244,BLK_0014,POWER_BLOCK,90,10,5,TRUE,FALSE,FALSE
TASK_000245,BLK_0012,SIGNAL_BLOCK,120,10,5,FALSE,FALSE,TRUE
TASK_000246,BLK_0019,TRAFFIC_BLOCK,120,10,5,FALSE,TRUE,FALSE
TASK_000247,BLK_0017,POWER_BLOCK,240,10,5,TRUE,FALSE,FALSE
TASK_000248,BLK_0009,SIGNAL_BLOCK,60,5,5,FALSE,FALSE,TRUE
TASK_000249,BLK_0012,TRAFFIC_BLOCK,240,10,5,FALSE,TRUE,FALSE
TASK_000250,BLK_0023,POWER_BLOCK,75,5,5,TRUE,FALSE,FALSE
TASK_000251,BLK_0025,TRAFFIC_BLOCK,90,10,5,FALSE,TRUE,FALSE
TASK_000252,BLK_0012,POWER_BLOCK,240,10,5,TRUE,FALSE,FALSE
TASK_000253,BLK_0003,SIGNAL_BLOCK,90,10,5,FALSE,FALSE,TRUE
TASK_000254,BLK_0010,TRAFFIC_BLOCK,90,10,5,FALSE,TRUE,FALSE
TASK_000255,BLK_0012,POWER_BLOCK,30,5,5,TRUE,FALSE,FALSE
TASK_000256,BLK_0003,SIGNAL_BLOCK,120,10,5,FALSE,FALSE,TRUE
TASK_000257,BLK_0013,TRAFFIC_BLOCK,60,5,5,FALSE,TRUE,FALSE
TASK_000258,BLK_0009,SIGNAL_BLOCK,180,10,5,FALSE,FALSE,TRUE
TASK_000259,BLK_0012,TRAFFIC_BLOCK,75,5,5,FALSE,TRUE,FALSE
TASK_000260,BLK_0023,POWER_BLOCK,150,10,5,TRUE,FALSE,FALSE
TASK_000261,BLK_0020,SIGNAL_BLOCK,240,10,5,FALSE,FALSE,TRUE
TASK_000262,BLK_0012,TRAFFIC_BLOCK,180,10,5,FALSE,TRUE,FALSE
TASK_000263,BLK_0005,POWER_BLOCK,120,10,5,TRUE,FALSE,FALSE
TASK_000264,BLK_0015,SIGNAL_BLOCK,90,10,5,FALSE,FALSE,TRUE
TASK_000265,BLK_0012,POWER_BLOCK,180,10,5,TRUE,FALSE,FALSE
TASK_000266,BLK_0003,SIGNAL_BLOCK,240,10,5,FALSE,FALSE,TRUE
TASK_000267,BLK_0013,TRAFFIC_BLOCK,180,10,5,FALSE,TRUE,FALSE
TASK_000268,BLK_0011,POWER_BLOCK,180,10,5,TRUE,FALSE,FALSE
TASK_000269,BLK_0012,SIGNAL_BLOCK,90,10,5,FALSE,FALSE,TRUE
TASK_000270,BLK_0016,TRAFFIC_BLOCK,75,5,5,FALSE,TRUE,FALSE
TASK_000271,BLK_0014,POWER_BLOCK,30,5,5,TRUE,FALSE,FALSE
TASK_000272,BLK_0012,TRAFFIC_BLOCK,30,5,5,FALSE,TRUE,FALSE
TASK_000273,BLK_0005,POWER_BLOCK,60,5,5,TRUE,FALSE,FALSE
TASK_000274,BLK_0015,SIGNAL_BLOCK,90,10,5,FALSE,FALSE,TRUE
TASK_000275,BLK_0012,TRAFFIC_BLOCK,120,10,5,FALSE,TRUE,FALSE
TASK_000276,BLK_0005,POWER_BLOCK,30,5,5,TRUE,FALSE,FALSE
TASK_000277,BLK_0018,SIGNAL_BLOCK,30,5,5,FALSE,FALSE,TRUE
TASK_000278,BLK_0007,TRAFFIC_BLOCK,75,5,5,FALSE,TRUE,FALSE
TASK_000279,BLK_0012,SIGNAL_BLOCK,240,10,5,FALSE,FALSE,TRUE
TASK_000280,BLK_0016,TRAFFIC_BLOCK,30,5,5,FALSE,TRUE,FALSE
TASK_000281,BLK_0014,POWER_BLOCK,240,10,5,TRUE,FALSE,FALSE
TASK_000282,BLK_0012,SIGNAL_BLOCK,90,10,5,FALSE,FALSE,TRUE
TASK_000283,BLK_0005,TRAFFIC_BLOCK,150,10,5,FALSE,TRUE,FALSE
TASK_000284,BLK_0014,POWER_BLOCK,120,10,5,TRUE,FALSE,FALSE
TASK_000285,BLK_0012,SIGNAL_BLOCK,150,10,5,FALSE,FALSE,TRUE
TASK_000286,BLK_0005,POWER_BLOCK,180,10,5,TRUE,FALSE,FALSE
TASK_000287,BLK_0018,SIGNAL_BLOCK,60,5,5,FALSE,FALSE,TRUE
TASK_000288,BLK_0007,TRAFFIC_BLOCK,90,10,5,FALSE,TRUE,FALSE
TASK_000289,BLK_0012,POWER_BLOCK,240,10,5,TRUE,FALSE,FALSE
TASK_000290,BLK_0021,SIGNAL_BLOCK,90,10,5,FALSE,FALSE,TRUE
TASK_000291,BLK_0025,TRAFFIC_BLOCK,60,5,5,FALSE,TRUE,FALSE
TASK_000292,BLK_0012,POWER_BLOCK,45,5,5,TRUE,FALSE,FALSE
TASK_000293,BLK_0005,TRAFFIC_BLOCK,75,5,5,FALSE,TRUE,FALSE
TASK_000294,BLK_0014,POWER_BLOCK,120,10,5,TRUE,FALSE,FALSE
TASK_000295,BLK_0012,SIGNAL_BLOCK,150,10,5,FALSE,FALSE,TRUE
TASK_000296,BLK_0019,TRAFFIC_BLOCK,45,5,5,FALSE,TRUE,FALSE
TASK_000297,BLK_0017,POWER_BLOCK,30,5,5,TRUE,FALSE,FALSE
TASK_000298,BLK_0009,SIGNAL_BLOCK,90,10,5,FALSE,FALSE,TRUE
TASK_000299,BLK_0012,TRAFFIC_BLOCK,150,10,5,FALSE,TRUE,FALSE
TASK_000300,BLK_0023,POWER_BLOCK,60,5,5,TRUE,FALSE,FALSE
TASK_000301,BLK_0025,TRAFFIC_BLOCK,30,5,5,FALSE,TRUE,FALSE
TASK_000302,BLK_0012,POWER_BLOCK,75,5,5,TRUE,FALSE,FALSE
TASK_000303,BLK_0003,SIGNAL_BLOCK,30,5,5,FALSE,FALSE,TRUE
TASK_000304,BLK_0010,TRAFFIC_BLOCK,240,10,5,FALSE,TRUE,FALSE
TASK_000305,BLK_0012,POWER_BLOCK,240,10,5,TRUE,FALSE,FALSE
TASK_000306,BLK_0003,SIGNAL_BLOCK,150,10,5,FALSE,FALSE,TRUE
TASK_000307,BLK_0013,TRAFFIC_BLOCK,120,10,5,FALSE,TRUE,FALSE
TASK_000308,BLK_0009,SIGNAL_BLOCK,75,5,5,FALSE,FALSE,TRUE
TASK_000309,BLK_0012,TRAFFIC_BLOCK,180,10,5,FALSE,TRUE,FALSE
TASK_000310,BLK_0023,POWER_BLOCK,75,5,5,TRUE,FALSE,FALSE
TASK_000311,BLK_0020,SIGNAL_BLOCK,75,5,5,FALSE,FALSE,TRUE
TASK_000312,BLK_0012,TRAFFIC_BLOCK,90,10,5,FALSE,TRUE,FALSE
TASK_000313,BLK_0005,POWER_BLOCK,75,5,5,TRUE,FALSE,FALSE
TASK_000314,BLK_0015,SIGNAL_BLOCK,30,5,5,FALSE,FALSE,TRUE
TASK_000315,BLK_0012,POWER_BLOCK,60,5,5,TRUE,FALSE,FALSE
TASK_000316,BLK_0003,SIGNAL_BLOCK,45,5,5,FALSE,FALSE,TRUE
TASK_000317,BLK_0013,TRAFFIC_BLOCK,30,5,5,FALSE,TRUE,FALSE
TASK_000318,BLK_0011,POWER_BLOCK,120,10,5,TRUE,FALSE,FALSE
TASK_000319,BLK_0012,SIGNAL_BLOCK,30,5,5,FALSE,FALSE,TRUE
TASK_000320,BLK_0016,TRAFFIC_BLOCK,120,10,5,FALSE,TRUE,FALSE
TASK_000321,BLK_0014,POWER_BLOCK,180,10,5,TRUE,FALSE,FALSE
TASK_000322,BLK_0012,TRAFFIC_BLOCK,240,10,5,FALSE,TRUE,FALSE
TASK_000323,BLK_0005,POWER_BLOCK,180,10,5,TRUE,FALSE,FALSE
TASK_000324,BLK_0015,SIGNAL_BLOCK,180,10,5,FALSE,FALSE,TRUE
TASK_000325,BLK_0012,TRAFFIC_BLOCK,240,10,5,FALSE,TRUE,FALSE
TASK_000326,BLK_0005,POWER_BLOCK,60,5,5,TRUE,FALSE,FALSE
TASK_000327,BLK_0018,SIGNAL_BLOCK,90,10,5,FALSE,FALSE,TRUE
TASK_000328,BLK_0007,TRAFFIC_BLOCK,120,10,5,FALSE,TRUE,FALSE
TASK_000329,BLK_0012,SIGNAL_BLOCK,120,10,5,FALSE,FALSE,TRUE
TASK_000330,BLK_0016,TRAFFIC_BLOCK,240,10,5,FALSE,TRUE,FALSE
TASK_000331,BLK_0014,POWER_BLOCK,60,5,5,TRUE,FALSE,FALSE
TASK_000332,BLK_0012,SIGNAL_BLOCK,120,10,5,FALSE,FALSE,TRUE
TASK_000333,BLK_0005,TRAFFIC_BLOCK,150,10,5,FALSE,TRUE,FALSE
TASK_000334,BLK_0014,POWER_BLOCK,150,10,5,TRUE,FALSE,FALSE
TASK_000335,BLK_0012,SIGNAL_BLOCK,120,10,5,FALSE,FALSE,TRUE
TASK_000336,BLK_0005,POWER_BLOCK,45,5,5,TRUE,FALSE,FALSE
TASK_000337,BLK_0018,SIGNAL_BLOCK,75,5,5,FALSE,FALSE,TRUE
TASK_000338,BLK_0007,TRAFFIC_BLOCK,60,5,5,FALSE,TRUE,FALSE
TASK_000339,BLK_0012,POWER_BLOCK,240,10,5,TRUE,FALSE,FALSE
TASK_000340,BLK_0021,SIGNAL_BLOCK,120,10,5,FALSE,FALSE,TRUE
TASK_000341,BLK_0025,TRAFFIC_BLOCK,75,5,5,FALSE,TRUE,FALSE
TASK_000342,BLK_0012,POWER_BLOCK,150,10,5,TRUE,FALSE,FALSE
TASK_000343,BLK_0005,TRAFFIC_BLOCK,180,10,5,FALSE,TRUE,FALSE
TASK_000344,BLK_0014,POWER_BLOCK,60,5,5,TRUE,FALSE,FALSE
TASK_000345,BLK_0012,SIGNAL_BLOCK,240,10,5,FALSE,FALSE,TRUE
TASK_000346,BLK_0019,TRAFFIC_BLOCK,30,5,5,FALSE,TRUE,FALSE
TASK_000347,BLK_0017,POWER_BLOCK,30,5,5,TRUE,FALSE,FALSE
TASK_000348,BLK_0009,SIGNAL_BLOCK,180,10,5,FALSE,FALSE,TRUE
TASK_000349,BLK_0012,TRAFFIC_BLOCK,30,5,5,FALSE,TRUE,FALSE
TASK_000350,BLK_0023,POWER_BLOCK,150,10,5,TRUE,FALSE,FALSE
TASK_000351,BLK_0025,TRAFFIC_BLOCK,120,10,5,FALSE,TRUE,FALSE
TASK_000352,BLK_0012,POWER_BLOCK,30,5,5,TRUE,FALSE,FALSE
TASK_000353,BLK_0003,SIGNAL_BLOCK,120,10,5,FALSE,FALSE,TRUE
TASK_000354,BLK_0010,TRAFFIC_BLOCK,45,5,5,FALSE,TRUE,FALSE
TASK_000355,BLK_0012,POWER_BLOCK,180,10,5,TRUE,FALSE,FALSE
TASK_000356,BLK_0003,SIGNAL_BLOCK,60,5,5,FALSE,FALSE,TRUE
TASK_000357,BLK_0013,TRAFFIC_BLOCK,90,10,5,FALSE,TRUE,FALSE
TASK_000358,BLK_0009,SIGNAL_BLOCK,75,5,5,FALSE,FALSE,TRUE
TASK_000359,BLK_0012,TRAFFIC_BLOCK,150,10,5,FALSE,TRUE,FALSE
TASK_000360,BLK_0023,POWER_BLOCK,240,10,5,TRUE,FALSE,FALSE
TASK_000361,BLK_0020,SIGNAL_BLOCK,180,10,5,FALSE,FALSE,TRUE
TASK_000362,BLK_0012,TRAFFIC_BLOCK,60,5,5,FALSE,TRUE,FALSE
TASK_000363,BLK_0005,POWER_BLOCK,30,5,5,TRUE,FALSE,FALSE
TASK_000364,BLK_0015,SIGNAL_BLOCK,150,10,5,FALSE,FALSE,TRUE
TASK_000365,BLK_0012,POWER_BLOCK,75,5,5,TRUE,FALSE,FALSE
TASK_000366,BLK_0003,SIGNAL_BLOCK,180,10,5,FALSE,FALSE,TRUE
TASK_000367,BLK_0013,TRAFFIC_BLOCK,120,10,5,FALSE,TRUE,FALSE
TASK_000368,BLK_0011,POWER_BLOCK,120,10,5,TRUE,FALSE,FALSE
TASK_000369,BLK_0012,SIGNAL_BLOCK,180,10,5,FALSE,FALSE,TRUE
TASK_000370,BLK_0016,TRAFFIC_BLOCK,75,5,5,FALSE,TRUE,FALSE
TASK_000371,BLK_0014,POWER_BLOCK,60,5,5,TRUE,FALSE,FALSE
TASK_000372,BLK_0012,TRAFFIC_BLOCK,150,10,5,FALSE,TRUE,FALSE
TASK_000373,BLK_0005,POWER_BLOCK,180,10,5,TRUE,FALSE,FALSE
TASK_000374,BLK_0015,SIGNAL_BLOCK,240,10,5,FALSE,FALSE,TRUE
TASK_000375,BLK_0012,TRAFFIC_BLOCK,150,10,5,FALSE,TRUE,FALSE
TASK_000376,BLK_0005,POWER_BLOCK,90,10,5,TRUE,FALSE,FALSE
TASK_000377,BLK_0018,SIGNAL_BLOCK,150,10,5,FALSE,FALSE,TRUE
TASK_000378,BLK_0007,TRAFFIC_BLOCK,150,10,5,FALSE,TRUE,FALSE
TASK_000379,BLK_0012,SIGNAL_BLOCK,180,10,5,FALSE,FALSE,TRUE
TASK_000380,BLK_0016,TRAFFIC_BLOCK,75,5,5,FALSE,TRUE,FALSE
TASK_000381,BLK_0014,POWER_BLOCK,180,10,5,TRUE,FALSE,FALSE
TASK_000382,BLK_0012,SIGNAL_BLOCK,75,5,5,FALSE,FALSE,TRUE
TASK_000383,BLK_0005,TRAFFIC_BLOCK,30,5,5,FALSE,TRUE,FALSE
TASK_000384,BLK_0014,POWER_BLOCK,90,10,5,TRUE,FALSE,FALSE
TASK_000385,BLK_0012,SIGNAL_BLOCK,60,5,5,FALSE,FALSE,TRUE
TASK_000386,BLK_0005,POWER_BLOCK,180,10,5,TRUE,FALSE,FALSE
TASK_000387,BLK_0018,SIGNAL_BLOCK,150,10,5,FALSE,FALSE,TRUE
TASK_000388,BLK_0007,TRAFFIC_BLOCK,240,10,5,FALSE,TRUE,FALSE
TASK_000389,BLK_0012,POWER_BLOCK,240,10,5,TRUE,FALSE,FALSE
TASK_000390,BLK_0021,SIGNAL_BLOCK,240,10,5,FALSE,FALSE,TRUE
TASK_000391,BLK_0025,TRAFFIC_BLOCK,30,5,5,FALSE,TRUE,FALSE
TASK_000392,BLK_0012,POWER_BLOCK,75,5,5,TRUE,FALSE,FALSE
TASK_000393,BLK_0005,TRAFFIC_BLOCK,90,10,5,FALSE,TRUE,FALSE
TASK_000394,BLK_0014,POWER_BLOCK,30,5,5,TRUE,FALSE,FALSE
TASK_000395,BLK_0012,SIGNAL_BLOCK,90,10,5,FALSE,FALSE,TRUE
TASK_000396,BLK_0019,TRAFFIC_BLOCK,75,5,5,FALSE,TRUE,FALSE
TASK_000397,BLK_0017,POWER_BLOCK,240,10,5,TRUE,FALSE,FALSE
TASK_000398,BLK_0009,SIGNAL_BLOCK,60,5,5,FALSE,FALSE,TRUE
TASK_000399,BLK_0012,TRAFFIC_BLOCK,30,5,5,FALSE,TRUE,FALSE
TASK_000400,BLK_0023,POWER_BLOCK,150,10,5,TRUE,FALSE,FALSE
TASK_000401,BLK_0025,TRAFFIC_BLOCK,60,5,5,FALSE,TRUE,FALSE
TASK_000402,BLK_0012,POWER_BLOCK,60,5,5,TRUE,FALSE,FALSE
TASK_000403,BLK_0003,SIGNAL_BLOCK,150,10,5,FALSE,FALSE,TRUE
TASK_000404,BLK_0010,TRAFFIC_BLOCK,240,10,5,FALSE,TRUE,FALSE
TASK_000405,BLK_0012,POWER_BLOCK,45,5,5,TRUE,FALSE,FALSE
TASK_000406,BLK_0003,SIGNAL_BLOCK,90,10,5,FALSE,FALSE,TRUE
TASK_000407,BLK_0013,TRAFFIC_BLOCK,240,10,5,FALSE,TRUE,FALSE
TASK_000408,BLK_0009,SIGNAL_BLOCK,90,10,5,FALSE,FALSE,TRUE
TASK_000409,BLK_0012,TRAFFIC_BLOCK,240,10,5,FALSE,TRUE,FALSE
TASK_000410,BLK_0023,POWER_BLOCK,60,5,5,TRUE,FALSE,FALSE
TASK_000411,BLK_0020,SIGNAL_BLOCK,30,5,5,FALSE,FALSE,TRUE
TASK_000412,BLK_0012,TRAFFIC_BLOCK,120,10,5,FALSE,TRUE,FALSE
TASK_000413,BLK_0005,POWER_BLOCK,90,10,5,TRUE,FALSE,FALSE
TASK_000414,BLK_0015,SIGNAL_BLOCK,60,5,5,FALSE,FALSE,TRUE
TASK_000415,BLK_0012,POWER_BLOCK,240,10,5,TRUE,FALSE,FALSE
TASK_000416,BLK_0003,SIGNAL_BLOCK,45,5,5,FALSE,FALSE,TRUE
TASK_000417,BLK_0013,TRAFFIC_BLOCK,240,10,5,FALSE,TRUE,FALSE
TASK_000418,BLK_0011,POWER_BLOCK,60,5,5,TRUE,FALSE,FALSE
TASK_000419,BLK_0012,SIGNAL_BLOCK,180,10,5,FALSE,FALSE,TRUE
TASK_000420,BLK_0016,TRAFFIC_BLOCK,120,10,5,FALSE,TRUE,FALSE
TASK_000421,BLK_0014,POWER_BLOCK,60,5,5,TRUE,FALSE,FALSE
TASK_000422,BLK_0012,TRAFFIC_BLOCK,75,5,5,FALSE,TRUE,FALSE
TASK_000423,BLK_0005,POWER_BLOCK,60,5,5,TRUE,FALSE,FALSE
TASK_000424,BLK_0015,SIGNAL_BLOCK,45,5,5,FALSE,FALSE,TRUE
TASK_000425,BLK_0012,TRAFFIC_BLOCK,30,5,5,FALSE,TRUE,FALSE
TASK_000426,BLK_0005,POWER_BLOCK,90,10,5,TRUE,FALSE,FALSE
TASK_000427,BLK_0018,SIGNAL_BLOCK,120,10,5,FALSE,FALSE,TRUE
TASK_000428,BLK_0007,TRAFFIC_BLOCK,75,5,5,FALSE,TRUE,FALSE
TASK_000429,BLK_0012,SIGNAL_BLOCK,30,5,5,FALSE,FALSE,TRUE
TASK_000430,BLK_0016,TRAFFIC_BLOCK,75,5,5,FALSE,TRUE,FALSE
TASK_000431,BLK_0014,POWER_BLOCK,180,10,5,TRUE,FALSE,FALSE
TASK_000432,BLK_0012,SIGNAL_BLOCK,45,5,5,FALSE,FALSE,TRUE
TASK_000433,BLK_0005,TRAFFIC_BLOCK,150,10,5,FALSE,TRUE,FALSE
TASK_000434,BLK_0014,POWER_BLOCK,180,10,5,TRUE,FALSE,FALSE
TASK_000435,BLK_0012,SIGNAL_BLOCK,150,10,5,FALSE,FALSE,TRUE
TASK_000436,BLK_0005,POWER_BLOCK,90,10,5,TRUE,FALSE,FALSE
TASK_000437,BLK_0018,SIGNAL_BLOCK,180,10,5,FALSE,FALSE,TRUE
TASK_000438,BLK_0007,TRAFFIC_BLOCK,240,10,5,FALSE,TRUE,FALSE
TASK_000439,BLK_0012,POWER_BLOCK,75,5,5,TRUE,FALSE,FALSE
TASK_000440,BLK_0021,SIGNAL_BLOCK,90,10,5,FALSE,FALSE,TRUE
TASK_000441,BLK_0025,TRAFFIC_BLOCK,120,10,5,FALSE,TRUE,FALSE
TASK_000442,BLK_0012,POWER_BLOCK,75,5,5,TRUE,FALSE,FALSE
TASK_000443,BLK_0005,TRAFFIC_BLOCK,150,10,5,FALSE,TRUE,FALSE
TASK_000444,BLK_0014,POWER_BLOCK,45,5,5,TRUE,FALSE,FALSE
TASK_000445,BLK_0012,SIGNAL_BLOCK,240,10,5,FALSE,FALSE,TRUE
TASK_000446,BLK_0019,TRAFFIC_BLOCK,180,10,5,FALSE,TRUE,FALSE
TASK_000447,BLK_0017,POWER_BLOCK,240,10,5,TRUE,FALSE,FALSE
TASK_000448,BLK_0009,SIGNAL_BLOCK,90,10,5,FALSE,FALSE,TRUE
TASK_000449,BLK_0012,TRAFFIC_BLOCK,75,5,5,FALSE,TRUE,FALSE
TASK_000450,BLK_0023,POWER_BLOCK,240,10,5,TRUE,FALSE,FALSE
TASK_000451,BLK_0025,TRAFFIC_BLOCK,180,10,5,FALSE,TRUE,FALSE
TASK_000452,BLK_0012,POWER_BLOCK,150,10,5,TRUE,FALSE,FALSE
TASK_000453,BLK_0003,SIGNAL_BLOCK,60,5,5,FALSE,FALSE,TRUE
TASK_000454,BLK_0010,TRAFFIC_BLOCK,180,10,5,FALSE,TRUE,FALSE
TASK_000455,BLK_0012,POWER_BLOCK,60,5,5,TRUE,FALSE,FALSE
TASK_000456,BLK_0003,SIGNAL_BLOCK,240,10,5,FALSE,FALSE,TRUE
TASK_000457,BLK_0013,TRAFFIC_BLOCK,90,10,5,FALSE,TRUE,FALSE
TASK_000458,BLK_0009,SIGNAL_BLOCK,90,10,5,FALSE,FALSE,TRUE
TASK_000459,BLK_0012,TRAFFIC_BLOCK,240,10,5,FALSE,TRUE,FALSE
TASK_000460,BLK_0023,POWER_BLOCK,180,10,5,TRUE,FALSE,FALSE
TASK_000461,BLK_0020,SIGNAL_BLOCK,60,5,5,FALSE,FALSE,TRUE
TASK_000462,BLK_0012,TRAFFIC_BLOCK,90,10,5,FALSE,TRUE,FALSE
TASK_000463,BLK_0005,POWER_BLOCK,180,10,5,TRUE,FALSE,FALSE
TASK_000464,BLK_0015,SIGNAL_BLOCK,90,10,5,FALSE,FALSE,TRUE
TASK_000465,BLK_0012,POWER_BLOCK,90,10,5,TRUE,FALSE,FALSE
TASK_000466,BLK_0003,SIGNAL_BLOCK,60,5,5,FALSE,FALSE,TRUE
TASK_000467,BLK_0013,TRAFFIC_BLOCK,180,10,5,FALSE,TRUE,FALSE
TASK_000468,BLK_0011,POWER_BLOCK,90,10,5,TRUE,FALSE,FALSE
TASK_000469,BLK_0012,SIGNAL_BLOCK,240,10,5,FALSE,FALSE,TRUE
TASK_000470,BLK_0016,TRAFFIC_BLOCK,240,10,5,FALSE,TRUE,FALSE
TASK_000471,BLK_0014,POWER_BLOCK,30,5,5,TRUE,FALSE,FALSE
TASK_000472,BLK_0012,TRAFFIC_BLOCK,30,5,5,FALSE,TRUE,FALSE
TASK_000473,BLK_0005,POWER_BLOCK,60,5,5,TRUE,FALSE,FALSE
TASK_000474,BLK_0015,SIGNAL_BLOCK,240,10,5,FALSE,FALSE,TRUE
TASK_000475,BLK_0012,TRAFFIC_BLOCK,30,5,5,FALSE,TRUE,FALSE
TASK_000476,BLK_0005,POWER_BLOCK,75,5,5,TRUE,FALSE,FALSE
TASK_000477,BLK_0018,SIGNAL_BLOCK,75,5,5,FALSE,FALSE,TRUE
TASK_000478,BLK_0007,TRAFFIC_BLOCK,90,10,5,FALSE,TRUE,FALSE
TASK_000479,BLK_0012,SIGNAL_BLOCK,90,10,5,FALSE,FALSE,TRUE
TASK_000480,BLK_0016,TRAFFIC_BLOCK,75,5,5,FALSE,TRUE,FALSE
TASK_000481,BLK_0014,POWER_BLOCK,120,10,5,TRUE,FALSE,FALSE
TASK_000482,BLK_0012,SIGNAL_BLOCK,75,5,5,FALSE,FALSE,TRUE
TASK_000483,BLK_0005,TRAFFIC_BLOCK,240,10,5,FALSE,TRUE,FALSE
TASK_000484,BLK_0014,POWER_BLOCK,90,10,5,TRUE,FALSE,FALSE
TASK_000485,BLK_0012,SIGNAL_BLOCK,120,10,5,FALSE,FALSE,TRUE
TASK_000486,BLK_0005,POWER_BLOCK,75,5,5,TRUE,FALSE,FALSE
TASK_000487,BLK_0018,SIGNAL_BLOCK,150,10,5,FALSE,FALSE,TRUE
TASK_000488,BLK_0007,TRAFFIC_BLOCK,180,10,5,FALSE,TRUE,FALSE
TASK_000489,BLK_0012,POWER_BLOCK,150,10,5,TRUE,FALSE,FALSE
TASK_000490,BLK_0021,SIGNAL_BLOCK,45,5,5,FALSE,FALSE,TRUE
TASK_000491,BLK_0025,TRAFFIC_BLOCK,120,10,5,FALSE,TRUE,FALSE
TASK_000492,BLK_0012,POWER_BLOCK,75,5,5,TRUE,FALSE,FALSE
TASK_000493,BLK_0005,TRAFFIC_BLOCK,150,10,5,FALSE,TRUE,FALSE
TASK_000494,BLK_0014,POWER_BLOCK,240,10,5,TRUE,FALSE,FALSE
TASK_000495,BLK_0012,SIGNAL_BLOCK,90,10,5,FALSE,FALSE,TRUE
TASK_000496,BLK_0019,TRAFFIC_BLOCK,150,10,5,FALSE,TRUE,FALSE
TASK_000497,BLK_0017,POWER_BLOCK,90,10,5,TRUE,FALSE,FALSE
TASK_000498,BLK_0009,SIGNAL_BLOCK,30,5,5,FALSE,FALSE,TRUE
TASK_000499,BLK_0012,TRAFFIC_BLOCK,120,10,5,FALSE,TRUE,FALSE
TASK_000500,BLK_0023,POWER_BLOCK,120,10,5,TRUE,FALSE,FALSE
TASK_000001,BLK_0010,TRAFFIC_BLOCK,90,10,5,FALSE,TRUE,FALSE
TASK_000001,BLK_0020,TRAFFIC_BLOCK,90,10,5,FALSE,TRUE,FALSE
TASK_000002,BLK_0008,POWER_BLOCK,180,10,5,TRUE,FALSE,FALSE
TASK_000003,BLK_0005,SIGNAL_BLOCK,60,5,5,FALSE,FALSE,TRUE
TASK_000005,BLK_0011,POWER_BLOCK,180,10,5,TRUE,FALSE,FALSE
TASK_000005,BLK_0020,POWER_BLOCK,180,10,5,TRUE,FALSE,FALSE
TASK_000006,BLK_0005,SIGNAL_BLOCK,60,5,5,FALSE,FALSE,TRUE
TASK_000008,BLK_0020,SIGNAL_BLOCK,300,10,5,FALSE,FALSE,TRUE
TASK_000009,BLK_0004,TRAFFIC_BLOCK,300,10,5,FALSE,TRUE,FALSE
TASK_000009,BLK_0005,TRAFFIC_BLOCK,300,10,5,FALSE,TRUE,FALSE
TASK_000009,BLK_0019,TRAFFIC_BLOCK,300,10,5,FALSE,TRUE,FALSE
TASK_000011,BLK_0001,TRAFFIC_BLOCK,60,5,5,FALSE,TRUE,FALSE
TASK_000012,BLK_0004,TRAFFIC_BLOCK,61,5,5,FALSE,TRUE,FALSE
TASK_000012,BLK_0022,TRAFFIC_BLOCK,61,5,5,FALSE,TRUE,FALSE
TASK_000013,BLK_0002,POWER_BLOCK,30,5,5,TRUE,FALSE,FALSE
TASK_000015,BLK_0011,POWER_BLOCK,120,10,5,TRUE,FALSE,FALSE
TASK_000015,BLK_0020,POWER_BLOCK,120,10,5,TRUE,FALSE,FALSE
TASK_000016,BLK_0005,SIGNAL_BLOCK,90,10,5,FALSE,FALSE,TRUE
TASK_000018,BLK_0020,POWER_BLOCK,240,10,5,TRUE,FALSE,FALSE
TASK_000019,BLK_0005,SIGNAL_BLOCK,180,10,5,FALSE,FALSE,TRUE
TASK_000019,BLK_0006,SIGNAL_BLOCK,180,10,5,FALSE,FALSE,TRUE
TASK_000021,BLK_0020,POWER_BLOCK,120,10,5,TRUE,FALSE,FALSE
TASK_000022,BLK_0004,TRAFFIC_BLOCK,60,5,5,FALSE,TRUE,FALSE
TASK_000022,BLK_0022,TRAFFIC_BLOCK,60,5,5,FALSE,TRUE,FALSE
TASK_000023,BLK_0002,POWER_BLOCK,90,10,5,TRUE,FALSE,FALSE
TASK_000025,BLK_0007,TRAFFIC_BLOCK,45,5,5,FALSE,TRUE,FALSE
TASK_000025,BLK_0020,TRAFFIC_BLOCK,45,5,5,FALSE,TRUE,FALSE
TASK_000025,BLK_0022,TRAFFIC_BLOCK,45,5,5,FALSE,TRUE,FALSE
TASK_000026,BLK_0002,POWER_BLOCK,120,10,5,TRUE,FALSE,FALSE
TASK_000028,BLK_0020,TRAFFIC_BLOCK,240,10,5,FALSE,TRUE,FALSE
TASK_000028,BLK_0025,TRAFFIC_BLOCK,240,10,5,FALSE,TRUE,FALSE
TASK_000029,BLK_0005,SIGNAL_BLOCK,150,10,5,FALSE,FALSE,TRUE
TASK_000029,BLK_0006,SIGNAL_BLOCK,150,10,5,FALSE,FALSE,TRUE
TASK_000031,BLK_0020,POWER_BLOCK,240,10,5,TRUE,FALSE,FALSE
TASK_000032,BLK_0006,SIGNAL_BLOCK,180,10,5,FALSE,FALSE,TRUE
TASK_000032,BLK_0024,SIGNAL_BLOCK,180,10,5,FALSE,FALSE,TRUE
TASK_000033,BLK_0001,TRAFFIC_BLOCK,240,10,5,FALSE,TRUE,FALSE
TASK_000035,BLK_0009,SIGNAL_BLOCK,120,10,5,FALSE,FALSE,TRUE
TASK_000035,BLK_0020,SIGNAL_BLOCK,120,10,5,FALSE,FALSE,TRUE
TASK_000035,BLK_0024,SIGNAL_BLOCK,120,10,5,FALSE,FALSE,TRUE
TASK_000036,BLK_0002,POWER_BLOCK,120,10,5,TRUE,FALSE,FALSE
TASK_000038,BLK_0020,TRAFFIC_BLOCK,60,5,5,FALSE,TRUE,FALSE
TASK_000038,BLK_0025,TRAFFIC_BLOCK,60,5,5,FALSE,TRUE,FALSE
TASK_000039,BLK_0005,POWER_BLOCK,150,10,5,TRUE,FALSE,FALSE
TASK_000039,BLK_0008,POWER_BLOCK,150,10,5,TRUE,FALSE,FALSE
TASK_000041,BLK_0010,TRAFFIC_BLOCK,120,10,5,FALSE,TRUE,FALSE
TASK_000041,BLK_0020,TRAFFIC_BLOCK,120,10,5,FALSE,TRUE,FALSE
TASK_000042,BLK_0008,POWER_BLOCK,150,10,5,TRUE,FALSE,FALSE
TASK_000043,BLK_0001,TRAFFIC_BLOCK,60,5,5,FALSE,TRUE,FALSE
TASK_000045,BLK_0009,SIGNAL_BLOCK,45,5,5,FALSE,FALSE,TRUE
TASK_000045,BLK_0020,SIGNAL_BLOCK,45,5,5,FALSE,FALSE,TRUE
TASK_000045,BLK_0024,SIGNAL_BLOCK,45,5,5,FALSE,FALSE,TRUE
TASK_000046,BLK_0001,TRAFFIC_BLOCK,120,10,5,FALSE,TRUE,FALSE
TASK_000046,BLK_0005,TRAFFIC_BLOCK,120,10,5,FALSE,TRUE,FALSE
TASK_000048,BLK_0020,SIGNAL_BLOCK,180,10,5,FALSE,FALSE,TRUE
TASK_000049,BLK_0004,TRAFFIC_BLOCK,180,10,5,FALSE,TRUE,FALSE
TASK_000049,BLK_0005,TRAFFIC_BLOCK,180,10,5,FALSE,TRUE,FALSE
TASK_000049,BLK_0019,TRAFFIC_BLOCK,180,10,5,FALSE,TRUE,FALSE
TASK_000051,BLK_0010,TRAFFIC_BLOCK,30,5,5,FALSE,TRUE,FALSE
TASK_000051,BLK_0020,TRAFFIC_BLOCK,30,5,5,FALSE,TRUE,FALSE
TASK_000052,BLK_0008,POWER_BLOCK,45,5,5,TRUE,FALSE,FALSE
TASK_000053,BLK_0005,SIGNAL_BLOCK,90,10,5,FALSE,FALSE,TRUE
TASK_000055,BLK_0011,POWER_BLOCK,180,10,5,TRUE,FALSE,FALSE
TASK_000055,BLK_0020,POWER_BLOCK,180,10,5,TRUE,FALSE,FALSE
TASK_000056,BLK_0005,SIGNAL_BLOCK,75,5,5,FALSE,FALSE,TRUE
TASK_000058,BLK_0020,SIGNAL_BLOCK,90,10,5,FALSE,FALSE,TRUE
TASK_000059,BLK_0004,TRAFFIC_BLOCK,120,10,5,FALSE,TRUE,FALSE
TASK_000059,BLK_0005,TRAFFIC_BLOCK,120,10,5,FALSE,TRUE,FALSE
TASK_000059,BLK_0019,TRAFFIC_BLOCK,120,10,5,FALSE,TRUE,FALSE
TASK_000061,BLK_0015,SIGNAL_BLOCK,60,5,5,FALSE,FALSE,TRUE
TASK_000062,BLK_0004,TRAFFIC_BLOCK,90,10,5,FALSE,TRUE,FALSE
TASK_000062,BLK_0022,TRAFFIC_BLOCK,90,10,5,FALSE,TRUE,FALSE
TASK_000063,BLK_0002,POWER_BLOCK,30,5,5,TRUE,FALSE,FALSE
TASK_000065,BLK_0011,POWER_BLOCK,90,10,5,TRUE,FALSE,FALSE
TASK_000065,BLK_0020,POWER_BLOCK,90,10,5,TRUE,FALSE,FALSE
TASK_000066,BLK_0005,SIGNAL_BLOCK,120,10,5,FALSE,FALSE,TRUE
TASK_000068,BLK_0020,POWER_BLOCK,75,5,5,TRUE,FALSE,FALSE
TASK_000069,BLK_0005,SIGNAL_BLOCK,60,5,5,FALSE,FALSE,TRUE
TASK_000069,BLK_0006,SIGNAL_BLOCK,60,5,5,FALSE,FALSE,TRUE
TASK_000071,BLK_0020,POWER_BLOCK,60,5,5,TRUE,FALSE,FALSE
TASK_000072,BLK_0004,TRAFFIC_BLOCK,45,5,5,FALSE,TRUE,FALSE
TASK_000072,BLK_0022,TRAFFIC_BLOCK,45,5,5,FALSE,TRUE,FALSE
TASK_000073,BLK_0002,POWER_BLOCK,90,10,5,TRUE,FALSE,FALSE
TASK_000075,BLK_0007,TRAFFIC_BLOCK,180,10,5,FALSE,TRUE,FALSE
TASK_000075,BLK_0020,TRAFFIC_BLOCK,180,10,5,FALSE,TRUE,FALSE
TASK_000075,BLK_0022,TRAFFIC_BLOCK,180,10,5,FALSE,TRUE,FALSE
TASK_000076,BLK_0002,POWER_BLOCK,150,10,5,TRUE,FALSE,FALSE
TASK_000078,BLK_0020,TRAFFIC_BLOCK,75,5,5,FALSE,TRUE,FALSE
TASK_000078,BLK_0025,TRAFFIC_BLOCK,75,5,5,FALSE,TRUE,FALSE
TASK_000079,BLK_0005,SIGNAL_BLOCK,60,5,5,FALSE,FALSE,TRUE
TASK_000079,BLK_0006,SIGNAL_BLOCK,60,5,5,FALSE,FALSE,TRUE
TASK_000081,BLK_0020,POWER_BLOCK,75,5,5,TRUE,FALSE,FALSE
TASK_000082,BLK_0006,SIGNAL_BLOCK,240,10,5,FALSE,FALSE,TRUE
TASK_000082,BLK_0024,SIGNAL_BLOCK,240,10,5,FALSE,FALSE,TRUE
TASK_000083,BLK_0001,TRAFFIC_BLOCK,120,10,5,FALSE,TRUE,FALSE
TASK_000085,BLK_0009,SIGNAL_BLOCK,45,5,5,FALSE,FALSE,TRUE
TASK_000085,BLK_0020,SIGNAL_BLOCK,45,5,5,FALSE,FALSE,TRUE
TASK_000085,BLK_0024,SIGNAL_BLOCK,45,5,5,FALSE,FALSE,TRUE
TASK_000086,BLK_0002,POWER_BLOCK,45,5,5,TRUE,FALSE,FALSE
TASK_000088,BLK_0020,TRAFFIC_BLOCK,75,5,5,FALSE,TRUE,FALSE
TASK_000088,BLK_0025,TRAFFIC_BLOCK,75,5,5,FALSE,TRUE,FALSE
TASK_000089,BLK_0005,POWER_BLOCK,120,10,5,TRUE,FALSE,FALSE
TASK_000089,BLK_0008,POWER_BLOCK,120,10,5,TRUE,FALSE,FALSE
TASK_000091,BLK_0010,TRAFFIC_BLOCK,180,10,5,FALSE,TRUE,FALSE
TASK_000091,BLK_0020,TRAFFIC_BLOCK,180,10,5,FALSE,TRUE,FALSE
TASK_000092,BLK_0008,POWER_BLOCK,60,5,5,TRUE,FALSE,FALSE
TASK_000093,BLK_0001,TRAFFIC_BLOCK,120,10,5,FALSE,TRUE,FALSE
TASK_000095,BLK_0009,SIGNAL_BLOCK,60,5,5,FALSE,FALSE,TRUE
TASK_000095,BLK_0020,SIGNAL_BLOCK,60,5,5,FALSE,FALSE,TRUE
TASK_000095,BLK_0024,SIGNAL_BLOCK,60,5,5,FALSE,FALSE,TRUE
TASK_000096,BLK_0001,TRAFFIC_BLOCK,45,5,5,FALSE,TRUE,FALSE
TASK_000096,BLK_0005,TRAFFIC_BLOCK,45,5,5,FALSE,TRUE,FALSE
TASK_000098,BLK_0020,SIGNAL_BLOCK,90,10,5,FALSE,FALSE,TRUE
TASK_000099,BLK_0004,TRAFFIC_BLOCK,180,10,5,FALSE,TRUE,FALSE
TASK_000099,BLK_0005,TRAFFIC_BLOCK,180,10,5,FALSE,TRUE,FALSE
TASK_000099,BLK_0019,TRAFFIC_BLOCK,180,10,5,FALSE,TRUE,FALSE
TASK_000101,BLK_0010,TRAFFIC_BLOCK,120,10,5,FALSE,TRUE,FALSE
TASK_000101,BLK_0020,TRAFFIC_BLOCK,120,10,5,FALSE,TRUE,FALSE
TASK_000102,BLK_0008,POWER_BLOCK,75,5,5,TRUE,FALSE,FALSE
TASK_000103,BLK_0005,SIGNAL_BLOCK,90,10,5,FALSE,FALSE,TRUE
TASK_000105,BLK_0011,POWER_BLOCK,150,10,5,TRUE,FALSE,FALSE
TASK_000105,BLK_0020,POWER_BLOCK,150,10,5,TRUE,FALSE,FALSE
TASK_000106,BLK_0005,SIGNAL_BLOCK,30,5,5,FALSE,FALSE,TRUE
TASK_000108,BLK_0020,SIGNAL_BLOCK,60,5,5,FALSE,FALSE,TRUE
TASK_000109,BLK_0004,TRAFFIC_BLOCK,90,10,5,FALSE,TRUE,FALSE
TASK_000109,BLK_0005,TRAFFIC_BLOCK,90,10,5,FALSE,TRUE,FALSE
TASK_000109,BLK_0019,TRAFFIC_BLOCK,90,10,5,FALSE,TRUE,FALSE
TASK_000111,BLK_0015,SIGNAL_BLOCK,45,5,5,FALSE,FALSE,TRUE
TASK_000112,BLK_0004,TRAFFIC_BLOCK,150,10,5,FALSE,TRUE,FALSE
TASK_000112,BLK_0022,TRAFFIC_BLOCK,150,10,5,FALSE,TRUE,FALSE
TASK_000113,BLK_0002,POWER_BLOCK,150,10,5,TRUE,FALSE,FALSE
TASK_000115,BLK_0011,POWER_BLOCK,180,10,5,TRUE,FALSE,FALSE
TASK_000115,BLK_0020,POWER_BLOCK,180,10,5,TRUE,FALSE,FALSE
TASK_000116,BLK_0005,SIGNAL_BLOCK,90,10,5,FALSE,FALSE,TRUE
TASK_000118,BLK_0020,POWER_BLOCK,150,10,5,TRUE,FALSE,FALSE
TASK_000119,BLK_0005,SIGNAL_BLOCK,30,5,5,FALSE,FALSE,TRUE
TASK_000119,BLK_0006,SIGNAL_BLOCK,30,5,5,FALSE,FALSE,TRUE
TASK_000121,BLK_0020,POWER_BLOCK,30,5,5,TRUE,FALSE,FALSE
TASK_000122,BLK_0004,TRAFFIC_BLOCK,120,10,5,FALSE,TRUE,FALSE
TASK_000122,BLK_0022,TRAFFIC_BLOCK,120,10,5,FALSE,TRUE,FALSE
TASK_000123,BLK_0002,POWER_BLOCK,90,10,5,TRUE,FALSE,FALSE
TASK_000125,BLK_0007,TRAFFIC_BLOCK,45,5,5,FALSE,TRUE,FALSE
TASK_000125,BLK_0020,TRAFFIC_BLOCK,45,5,5,FALSE,TRUE,FALSE
TASK_000125,BLK_0022,TRAFFIC_BLOCK,45,5,5,FALSE,TRUE,FALSE
TASK_000126,BLK_0002,POWER_BLOCK,150,10,5,TRUE,FALSE,FALSE
TASK_000128,BLK_0020,TRAFFIC_BLOCK,150,10,5,FALSE,TRUE,FALSE
TASK_000128,BLK_0025,TRAFFIC_BLOCK,150,10,5,FALSE,TRUE,FALSE
TASK_000129,BLK_0005,SIGNAL_BLOCK,30,5,5,FALSE,FALSE,TRUE
TASK_000129,BLK_0006,SIGNAL_BLOCK,30,5,5,FALSE,FALSE,TRUE
TASK_000131,BLK_0020,POWER_BLOCK,180,10,5,TRUE,FALSE,FALSE
TASK_000132,BLK_0006,SIGNAL_BLOCK,75,5,5,FALSE,FALSE,TRUE
TASK_000132,BLK_0024,SIGNAL_BLOCK,75,5,5,FALSE,FALSE,TRUE
TASK_000133,BLK_0001,TRAFFIC_BLOCK,60,5,5,FALSE,TRUE,FALSE
TASK_000135,BLK_0009,SIGNAL_BLOCK,75,5,5,FALSE,FALSE,TRUE
TASK_000135,BLK_0020,SIGNAL_BLOCK,75,5,5,FALSE,FALSE,TRUE
TASK_000135,BLK_0024,SIGNAL_BLOCK,75,5,5,FALSE,FALSE,TRUE
TASK_000136,BLK_0002,POWER_BLOCK,30,5,5,TRUE,FALSE,FALSE
TASK_000138,BLK_0020,TRAFFIC_BLOCK,150,10,5,FALSE,TRUE,FALSE
TASK_000138,BLK_0025,TRAFFIC_BLOCK,150,10,5,FALSE,TRUE,FALSE
TASK_000139,BLK_0005,POWER_BLOCK,45,5,5,TRUE,FALSE,FALSE
TASK_000139,BLK_0008,POWER_BLOCK,45,5,5,TRUE,FALSE,FALSE
TASK_000141,BLK_0010,TRAFFIC_BLOCK,30,5,5,FALSE,TRUE,FALSE
TASK_000141,BLK_0020,TRAFFIC_BLOCK,30,5,5,FALSE,TRUE,FALSE
TASK_000142,BLK_0008,POWER_BLOCK,90,10,5,TRUE,FALSE,FALSE
TASK_000143,BLK_0001,TRAFFIC_BLOCK,45,5,5,FALSE,TRUE,FALSE
TASK_000145,BLK_0009,SIGNAL_BLOCK,75,5,5,FALSE,FALSE,TRUE
TASK_000145,BLK_0020,SIGNAL_BLOCK,75,5,5,FALSE,FALSE,TRUE
TASK_000145,BLK_0024,SIGNAL_BLOCK,75,5,5,FALSE,FALSE,TRUE
TASK_000146,BLK_0001,TRAFFIC_BLOCK,180,10,5,FALSE,TRUE,FALSE
TASK_000146,BLK_0005,TRAFFIC_BLOCK,180,10,5,FALSE,TRUE,FALSE
TASK_000148,BLK_0020,SIGNAL_BLOCK,60,5,5,FALSE,FALSE,TRUE
TASK_000149,BLK_0004,TRAFFIC_BLOCK,150,10,5,FALSE,TRUE,FALSE
TASK_000149,BLK_0005,TRAFFIC_BLOCK,150,10,5,FALSE,TRUE,FALSE
TASK_000149,BLK_0019,TRAFFIC_BLOCK,150,10,5,FALSE,TRUE,FALSE
TASK_000151,BLK_0010,TRAFFIC_BLOCK,150,10,5,FALSE,TRUE,FALSE
TASK_000151,BLK_0020,TRAFFIC_BLOCK,150,10,5,FALSE,TRUE,FALSE
TASK_000152,BLK_0008,POWER_BLOCK,240,10,5,TRUE,FALSE,FALSE
TASK_000153,BLK_0005,SIGNAL_BLOCK,75,5,5,FALSE,FALSE,TRUE
TASK_000155,BLK_0011,POWER_BLOCK,30,5,5,TRUE,FALSE,FALSE
TASK_000155,BLK_0020,POWER_BLOCK,30,5,5,TRUE,FALSE,FALSE
TASK_000156,BLK_0005,SIGNAL_BLOCK,60,5,5,FALSE,FALSE,TRUE
TASK_000158,BLK_0020,SIGNAL_BLOCK,60,5,5,FALSE,FALSE,TRUE
TASK_000159,BLK_0004,TRAFFIC_BLOCK,120,10,5,FALSE,TRUE,FALSE
TASK_000159,BLK_0005,TRAFFIC_BLOCK,120,10,5,FALSE,TRUE,FALSE
TASK_000159,BLK_0019,TRAFFIC_BLOCK,120,10,5,FALSE,TRUE,FALSE
TASK_000161,BLK_0015,SIGNAL_BLOCK,90,10,5,FALSE,FALSE,TRUE
TASK_000162,BLK_0004,TRAFFIC_BLOCK,120,10,5,FALSE,TRUE,FALSE
TASK_000162,BLK_0022,TRAFFIC_BLOCK,120,10,5,FALSE,TRUE,FALSE
TASK_000163,BLK_0002,POWER_BLOCK,60,5,5,TRUE,FALSE,FALSE
TASK_000165,BLK_0011,POWER_BLOCK,45,5,5,TRUE,FALSE,FALSE
TASK_000165,BLK_0020,POWER_BLOCK,45,5,5,TRUE,FALSE,FALSE
TASK_000166,BLK_0005,SIGNAL_BLOCK,120,10,5,FALSE,FALSE,TRUE
TASK_000168,BLK_0020,POWER_BLOCK,120,10,5,TRUE,FALSE,FALSE
TASK_000169,BLK_0005,SIGNAL_BLOCK,90,10,5,FALSE,FALSE,TRUE
TASK_000169,BLK_0006,SIGNAL_BLOCK,90,10,5,FALSE,FALSE,TRUE
TASK_000171,BLK_0020,POWER_BLOCK,45,5,5,TRUE,FALSE,FALSE
TASK_000172,BLK_0004,TRAFFIC_BLOCK,240,10,5,FALSE,TRUE,FALSE
TASK_000172,BLK_0022,TRAFFIC_BLOCK,240,10,5,FALSE,TRUE,FALSE
TASK_000173,BLK_0002,POWER_BLOCK,90,10,5,TRUE,FALSE,FALSE
TASK_000175,BLK_0007,TRAFFIC_BLOCK,180,10,5,FALSE,TRUE,FALSE
